time,device,vmCount,ramUsed,ramTotal,ramUtilPercent,cpuUtilPercent,energyConsumed,networkLatency,packetLoss
10,cloud,4,2000,40000,5.00,55.14,0.0010,100.46,0.0000
10,fog-0,4,3500,4000,87.50,49.63,0.0010,1.59,0.0000
10,cam-1,2,800,1000,80.00,14.11,0.0010,2.74,0.0000
10,cam-2,2,800,1000,80.00,22.95,0.0010,1.40,0.0000
10,soil-sensor-node,2,400,512,78.13,30.18,0.0010,1.78,0.0000
10,signal-monitor,2,600,1024,58.59,24.51,0.0010,1.24,0.0000
10,irrigation-controller,2,300,2048,14.65,31.25,0.0010,0.96,0.0000
100,cloud,4,2000,40000,5.00,46.71,0.0010,99.91,0.0000
100,fog-0,4,3500,4000,87.50,52.72,0.0010,1.32,0.0000
100,cam-1,2,800,1000,80.00,8.16,0.0010,1.94,0.0000
100,cam-2,2,800,1000,80.00,14.27,0.0010,2.13,0.0000
100,soil-sensor-node,2,400,512,78.13,25.24,0.0010,2.06,0.0000
100,signal-monitor,2,600,1024,58.59,11.51,0.0010,1.93,0.0000
100,irrigation-controller,2,300,2048,14.65,33.07,0.0010,1.15,0.0000
110,cloud,4,2000,40000,5.00,51.35,0.0010,99.24,0.0000
110,fog-0,4,3500,4000,87.50,48.09,0.0010,1.06,0.0000
110,cam-1,2,800,1000,80.00,17.30,0.0010,1.55,0.0000
110,cam-2,2,800,1000,80.00,26.41,0.0010,2.30,0.0000
110,soil-sensor-node,2,400,512,78.13,32.60,0.0010,2.11,0.0000
110,signal-monitor,2,600,1024,58.59,18.70,0.0010,1.46,0.0000
110,irrigation-controller,2,300,2048,14.65,33.30,0.0010,0.87,0.0000
200,cloud,4,2000,40000,5.00,34.37,0.0010,99.80,0.0000
200,fog-0,4,3500,4000,87.50,43.80,0.0010,2.22,0.0000
200,cam-1,2,800,1000,80.00,7.46,0.0010,2.35,0.0000
200,cam-2,2,800,1000,80.00,16.63,0.0010,2.63,0.0000
200,soil-sensor-node,2,400,512,78.13,29.45,0.0010,1.60,0.0000
200,signal-monitor,2,600,1024,58.59,24.66,0.0010,0.30,0.0000
200,irrigation-controller,2,300,2048,14.65,24.09,0.0010,0.10,0.0000
200,cloud,4,2000,40000,5.00,37.75,0.0010,100.37,0.0000
200,fog-0,4,3500,4000,87.50,44.95,0.0010,2.22,0.0000
200,cam-1,2,800,1000,80.00,12.50,0.0010,2.60,0.0000
200,cam-2,2,800,1000,80.00,23.94,0.0010,2.38,0.0000
200,soil-sensor-node,2,400,512,78.13,24.33,0.0010,1.71,0.0000
200,signal-monitor,2,600,1024,58.59,19.80,0.0010,2.11,0.0000
200,irrigation-controller,2,300,2048,14.65,20.71,0.0010,1.06,0.0000
210,cloud,4,2000,40000,5.00,46.19,0.0010,100.45,0.0000
210,fog-0,4,3500,4000,87.50,50.91,0.0010,1.78,0.0000
210,cam-1,2,800,1000,80.00,16.94,0.0010,1.67,0.0000
210,cam-2,2,800,1000,80.00,17.04,0.0010,2.92,0.0000
210,soil-sensor-node,2,400,512,78.13,28.41,0.0010,0.34,0.0000
210,signal-monitor,2,600,1024,58.59,18.07,0.0010,0.50,0.0000
210,irrigation-controller,2,300,2048,14.65,37.39,0.0010,1.18,0.0000
300,cloud,4,2000,40000,5.00,41.49,0.0010,99.85,0.0000
300,fog-0,4,3500,4000,87.50,47.83,0.0010,2.22,0.0000
300,cam-1,2,800,1000,80.00,17.00,0.0010,1.60,0.0000
300,cam-2,2,800,1000,80.00,16.78,0.0010,2.69,0.0000
300,soil-sensor-node,2,400,512,78.13,25.63,0.0010,2.27,0.0000
300,signal-monitor,2,600,1024,58.59,19.93,0.0010,0.75,0.0000
300,irrigation-controller,2,300,2048,14.65,29.61,0.0010,0.48,0.0000
300,cloud,4,2000,40000,5.00,40.58,0.0010,99.75,0.0000
300,fog-0,4,3500,4000,87.50,54.65,0.0010,1.58,0.0000
300,cam-1,2,800,1000,80.00,16.18,0.0010,2.15,0.0000
300,cam-2,2,800,1000,80.00,8.27,0.0010,2.04,0.0000
300,soil-sensor-node,2,400,512,78.13,16.95,0.0010,1.51,0.0000
300,signal-monitor,2,600,1024,58.59,10.54,0.0010,1.41,0.0000
300,irrigation-controller,2,300,2048,14.65,31.73,0.0010,1.22,0.0000
300,cloud,4,2000,40000,5.00,37.44,0.0010,99.63,0.0000
300,fog-0,4,3500,4000,87.50,51.39,0.0010,1.72,0.0000
300,cam-1,2,800,1000,80.00,21.56,0.0010,1.65,0.0000
300,cam-2,2,800,1000,80.00,19.30,0.0010,2.21,0.0000
300,soil-sensor-node,2,400,512,78.13,28.38,0.0010,1.33,0.0000
300,signal-monitor,2,600,1024,58.59,26.31,0.0010,1.18,0.0000
300,irrigation-controller,2,300,2048,14.65,17.98,0.0010,0.87,0.0000
310,cloud,4,2000,40000,5.00,33.44,0.0010,100.94,0.0000
310,fog-0,4,3500,4000,87.50,42.98,0.0010,1.92,0.0000
310,cam-1,2,800,1000,80.00,18.05,0.0010,1.78,0.0000
310,cam-2,2,800,1000,80.00,20.92,0.0010,2.69,0.0000
310,soil-sensor-node,2,400,512,78.13,21.73,0.0010,1.52,0.0000
310,signal-monitor,2,600,1024,58.59,1.85,0.0010,1.01,0.0000
310,irrigation-controller,2,300,2048,14.65,25.58,0.0010,0.28,0.0000
400,cloud,4,2000,40000,5.00,31.14,0.0010,99.85,0.0000
400,fog-0,4,3500,4000,87.50,42.21,0.0010,1.89,0.0000
400,cam-1,2,800,1000,80.00,15.81,0.0010,2.21,0.0000
400,cam-2,2,800,1000,80.00,21.52,0.0010,2.09,0.0000
400,soil-sensor-node,2,400,512,78.13,25.40,0.0010,1.19,0.0000
400,signal-monitor,2,600,1024,58.59,19.52,0.0010,1.25,0.0000
400,irrigation-controller,2,300,2048,14.65,23.63,0.0010,1.18,0.0000
400,cloud,4,2000,40000,5.00,41.96,0.0010,99.59,0.0000
400,fog-0,4,3500,4000,87.50,54.19,0.0010,0.98,0.0000
400,cam-1,2,800,1000,80.00,16.04,0.0010,2.17,0.0000
400,cam-2,2,800,1000,80.00,21.18,0.0010,1.99,0.0000
400,soil-sensor-node,2,400,512,78.13,24.72,0.0010,0.92,0.0000
400,signal-monitor,2,600,1024,58.59,19.73,0.0010,0.31,0.0000
400,irrigation-controller,2,300,2048,14.65,23.89,0.0010,0.43,0.0000
400,cloud,4,2000,40000,5.00,28.39,0.0010,99.38,0.0000
400,fog-0,4,3500,4000,87.50,42.77,0.0010,0.83,0.0000
400,cam-1,2,800,1000,80.00,10.88,0.0010,2.72,0.0000
400,cam-2,2,800,1000,80.00,24.93,0.0010,2.64,0.0000
400,soil-sensor-node,2,400,512,78.13,15.71,0.0010,1.81,0.0000
400,signal-monitor,2,600,1024,58.59,15.89,0.0010,1.35,0.0000
400,irrigation-controller,2,300,2048,14.65,22.19,0.0010,1.60,0.0000
400,cloud,4,2000,40000,5.00,26.43,0.0010,100.52,0.0000
400,fog-0,4,3500,4000,87.50,50.09,0.0010,1.32,0.0000
400,cam-1,2,800,1000,80.00,12.44,0.0010,1.72,0.0000
400,cam-2,2,800,1000,80.00,16.96,0.0010,2.18,0.0000
400,soil-sensor-node,2,400,512,78.13,23.64,0.0010,1.36,0.0000
400,signal-monitor,2,600,1024,58.59,19.89,0.0010,1.10,0.0000
400,irrigation-controller,2,300,2048,14.65,19.92,0.0010,1.71,0.0000
410,cloud,4,2000,40000,5.00,30.52,0.0010,99.88,0.0000
410,fog-0,4,3500,4000,87.50,37.91,0.0010,1.60,0.0000
410,cam-1,2,800,1000,80.00,16.98,0.0010,2.00,0.0000
410,cam-2,2,800,1000,80.00,20.56,0.0010,2.05,0.0000
410,soil-sensor-node,2,400,512,78.13,18.46,0.0010,1.45,0.0000
410,signal-monitor,2,600,1024,58.59,9.00,0.0010,1.07,0.0000
410,irrigation-controller,2,300,2048,14.65,24.96,0.0010,1.31,0.0000
500,cloud,4,2000,40000,5.00,27.81,0.0010,100.54,0.0000
500,fog-0,4,3500,4000,87.50,45.52,0.0010,1.86,0.0000
500,cam-1,2,800,1000,80.00,17.48,0.0010,1.52,0.0000
500,cam-2,2,800,1000,80.00,17.43,0.0010,1.61,0.0000
500,soil-sensor-node,2,400,512,78.13,21.51,0.0010,1.63,0.0000
500,signal-monitor,2,600,1024,58.59,25.60,0.0010,0.45,0.0000
500,irrigation-controller,2,300,2048,14.65,4.56,0.0010,1.87,0.0000
500,cloud,4,2000,40000,5.00,32.35,0.0010,99.22,0.0000
500,fog-0,4,3500,4000,87.50,56.07,0.0010,2.60,0.0000
500,cam-1,2,800,1000,80.00,12.98,0.0010,1.89,0.0000
500,cam-2,2,800,1000,80.00,20.81,0.0010,1.54,0.0000
500,soil-sensor-node,2,400,512,78.13,25.39,0.0010,1.18,0.0000
500,signal-monitor,2,600,1024,58.59,14.11,0.0010,0.96,0.0000
500,irrigation-controller,2,300,2048,14.65,8.87,0.0010,0.86,0.0000
500,cloud,4,2000,40000,5.00,36.48,0.0010,99.71,0.0000
500,fog-0,4,3500,4000,87.50,57.80,0.0010,1.96,0.0000
500,cam-1,2,800,1000,80.00,18.25,0.0010,2.42,0.0000
500,cam-2,2,800,1000,80.00,4.16,0.0010,2.04,0.0000
500,soil-sensor-node,2,400,512,78.13,15.44,0.0010,2.30,0.0000
500,signal-monitor,2,600,1024,58.59,9.51,0.0010,1.07,0.0000
500,irrigation-controller,2,300,2048,14.65,19.44,0.0010,0.10,0.0000
500,cloud,4,2000,40000,5.00,36.42,0.0010,99.99,0.0000
500,fog-0,4,3500,4000,87.50,50.98,0.0010,1.99,0.0000
500,cam-1,2,800,1000,80.00,34.32,0.0010,1.97,0.0000
500,cam-2,2,800,1000,80.00,9.72,0.0010,2.41,0.0000
500,soil-sensor-node,2,400,512,78.13,16.93,0.0010,1.78,0.0000
500,signal-monitor,2,600,1024,58.59,19.22,0.0010,1.46,0.0000
500,irrigation-controller,2,300,2048,14.65,30.93,0.0010,1.18,0.0000
500,cloud,4,2000,40000,5.00,26.35,0.0010,100.31,0.0000
500,fog-0,4,3500,4000,87.50,44.30,0.0010,2.00,0.0000
500,cam-1,2,800,1000,80.00,24.35,0.0010,2.80,0.0000
500,cam-2,2,800,1000,80.00,15.50,0.0010,1.17,0.0000
500,soil-sensor-node,2,400,512,78.13,21.29,0.0010,2.62,0.0000
500,signal-monitor,2,600,1024,58.59,15.25,0.0010,1.43,0.0000
500,irrigation-controller,2,300,2048,14.65,22.64,0.0010,0.75,0.0000
510,cloud,4,2000,40000,5.00,36.46,0.0010,99.76,0.0000
510,fog-0,4,3500,4000,87.50,51.34,0.0010,1.72,0.0000
510,cam-1,2,800,1000,80.00,23.07,0.0010,1.86,0.0000
510,cam-2,2,800,1000,80.00,9.17,0.0010,1.33,0.0000
510,soil-sensor-node,2,400,512,78.13,17.18,0.0010,1.48,0.0000
510,signal-monitor,2,600,1024,58.59,16.99,0.0010,1.11,0.0000
510,irrigation-controller,2,300,2048,14.65,21.49,0.0010,0.66,0.0000
600,cloud,4,2000,40000,5.00,29.72,0.0010,100.35,0.0000
600,fog-0,4,3500,4000,87.50,51.69,0.0010,1.77,0.0000
600,cam-1,2,800,1000,80.00,30.27,0.0010,2.18,0.0000
600,cam-2,2,800,1000,80.00,18.73,0.0010,2.07,0.0000
600,soil-sensor-node,2,400,512,78.13,18.04,0.0010,1.80,0.0000
600,signal-monitor,2,600,1024,58.59,23.87,0.0010,1.14,0.0000
600,irrigation-controller,2,300,2048,14.65,22.36,0.0010,1.47,0.0000
600,cloud,4,2000,40000,5.00,29.17,0.0010,99.22,0.0000
600,fog-0,4,3500,4000,87.50,50.62,0.0010,2.11,0.0000
600,cam-1,2,800,1000,80.00,22.34,0.0010,1.76,0.0000
600,cam-2,2,800,1000,80.00,19.33,0.0010,2.18,0.0000
600,soil-sensor-node,2,400,512,78.13,5.74,0.0010,1.52,0.0000
600,signal-monitor,2,600,1024,58.59,24.17,0.0010,1.58,0.0000
600,irrigation-controller,2,300,2048,14.65,31.10,0.0010,0.31,0.0000
600,cloud,4,2000,40000,5.00,37.38,0.0010,100.42,0.0000
600,fog-0,4,3500,4000,87.50,48.73,0.0010,2.48,0.0000
600,cam-1,2,800,1000,80.00,9.12,0.0010,2.09,0.0000
600,cam-2,2,800,1000,80.00,21.68,0.0010,2.56,0.0000
600,soil-sensor-node,2,400,512,78.13,19.19,0.0010,1.55,0.0000
600,signal-monitor,2,600,1024,58.59,14.31,0.0010,1.21,0.0000
600,irrigation-controller,2,300,2048,14.65,20.69,0.0010,1.48,0.0000
600,cloud,4,2000,40000,5.00,23.11,0.0010,100.12,0.0000
600,fog-0,4,3500,4000,87.50,44.83,0.0010,1.48,0.0000
600,cam-1,2,800,1000,80.00,17.10,0.0010,2.29,0.0000
600,cam-2,2,800,1000,80.00,22.10,0.0010,1.71,0.0000
600,soil-sensor-node,2,400,512,78.13,19.55,0.0010,1.47,0.0000
600,signal-monitor,2,600,1024,58.59,20.70,0.0010,0.52,0.0000
600,irrigation-controller,2,300,2048,14.65,23.29,0.0010,1.72,0.0000
600,cloud,4,2000,40000,5.00,30.63,0.0010,100.05,0.0000
600,fog-0,4,3500,4000,87.50,48.62,0.0010,2.04,0.0000
600,cam-1,2,800,1000,80.00,16.25,0.0010,2.53,0.0000
600,cam-2,2,800,1000,80.00,22.48,0.0010,2.09,0.0000
600,soil-sensor-node,2,400,512,78.13,15.96,0.0010,0.77,0.0000
600,signal-monitor,2,600,1024,58.59,20.87,0.0010,0.95,0.0000
600,irrigation-controller,2,300,2048,14.65,17.53,0.0010,0.32,0.0000
600,cloud,4,2000,40000,5.00,27.24,0.0010,99.63,0.0000
600,fog-0,4,3500,4000,87.50,52.15,0.0010,2.09,0.0000
600,cam-1,2,800,1000,80.00,14.99,0.0010,1.00,0.0000
600,cam-2,2,800,1000,80.00,0.00,0.0010,1.21,0.0000
600,soil-sensor-node,2,400,512,78.13,15.86,0.0010,1.37,0.0000
600,signal-monitor,2,600,1024,58.59,25.18,0.0010,1.36,0.0000
600,irrigation-controller,2,300,2048,14.65,16.99,0.0010,0.12,0.0000
610,cloud,4,2000,40000,5.00,27.22,0.0010,101.05,0.0000
610,fog-0,4,3500,4000,87.50,42.91,0.0010,1.66,0.0000
610,cam-1,2,800,1000,80.00,20.61,0.0010,1.44,0.0000
610,cam-2,2,800,1000,80.00,19.53,0.0010,2.97,0.0000
610,soil-sensor-node,2,400,512,78.13,10.13,0.0010,1.24,0.0000
610,signal-monitor,2,600,1024,58.59,0.92,0.0010,0.65,0.0000
610,irrigation-controller,2,300,2048,14.65,20.87,0.0010,0.84,0.0000
700,cloud,4,2000,40000,5.00,36.10,0.0010,100.22,0.0000
700,fog-0,4,3500,4000,87.50,43.53,0.0010,2.52,0.0000
700,cam-1,2,800,1000,80.00,20.09,0.0010,2.53,0.0000
700,cam-2,2,800,1000,80.00,13.50,0.0010,1.93,0.0000
700,soil-sensor-node,2,400,512,78.13,9.62,0.0010,1.27,0.0000
700,signal-monitor,2,600,1024,58.59,15.97,0.0010,1.72,0.0000
700,irrigation-controller,2,300,2048,14.65,24.99,0.0010,1.57,0.0000
700,cloud,4,2000,40000,5.00,28.80,0.0010,101.12,0.0000
700,fog-0,4,3500,4000,87.50,47.88,0.0010,2.05,0.0000
700,cam-1,2,800,1000,80.00,20.78,0.0010,2.57,0.0000
700,cam-2,2,800,1000,80.00,10.66,0.0010,2.04,0.0000
700,soil-sensor-node,2,400,512,78.13,18.71,0.0010,2.48,0.0000
700,signal-monitor,2,600,1024,58.59,15.15,0.0010,1.10,0.0000
700,irrigation-controller,2,300,2048,14.65,12.97,0.0010,0.88,0.0000
700,cloud,4,2000,40000,5.00,25.97,0.0010,99.63,0.0000
700,fog-0,4,3500,4000,87.50,50.48,0.0010,1.40,0.0000
700,cam-1,2,800,1000,80.00,23.79,0.0010,1.04,0.0000
700,cam-2,2,800,1000,80.00,21.31,0.0010,1.82,0.0000
700,soil-sensor-node,2,400,512,78.13,18.57,0.0010,1.83,0.0000
700,signal-monitor,2,600,1024,58.59,22.99,0.0010,1.21,0.0000
700,irrigation-controller,2,300,2048,14.65,20.72,0.0010,0.99,0.0000
700,cloud,4,2000,40000,5.00,25.87,0.0010,99.67,0.0000
700,fog-0,4,3500,4000,87.50,51.88,0.0010,1.06,0.0000
700,cam-1,2,800,1000,80.00,25.81,0.0010,2.48,0.0000
700,cam-2,2,800,1000,80.00,27.53,0.0010,2.10,0.0000
700,soil-sensor-node,2,400,512,78.13,16.95,0.0010,0.63,0.0000
700,signal-monitor,2,600,1024,58.59,18.63,0.0010,0.84,0.0000
700,irrigation-controller,2,300,2048,14.65,19.82,0.0010,1.64,0.0000
700,cloud,4,2000,40000,5.00,26.21,0.0010,100.39,0.0000
700,fog-0,4,3500,4000,87.50,54.28,0.0010,2.16,0.0000
700,cam-1,2,800,1000,80.00,17.46,0.0010,1.89,0.0000
700,cam-2,2,800,1000,80.00,12.92,0.0010,1.77,0.0000
700,soil-sensor-node,2,400,512,78.13,14.25,0.0010,2.00,0.0000
700,signal-monitor,2,600,1024,58.59,9.62,0.0010,1.61,0.0000
700,irrigation-controller,2,300,2048,14.65,12.45,0.0010,1.00,0.0000
700,cloud,4,2000,40000,5.00,29.72,0.0010,99.33,0.0000
700,fog-0,4,3500,4000,87.50,48.77,0.0010,2.08,0.0000
700,cam-1,2,800,1000,80.00,10.69,0.0010,1.44,0.0000
700,cam-2,2,800,1000,80.00,19.53,0.0010,1.68,0.0000
700,soil-sensor-node,2,400,512,78.13,18.85,0.0010,1.62,0.0000
700,signal-monitor,2,600,1024,58.59,14.60,0.0010,0.70,0.0000
700,irrigation-controller,2,300,2048,14.65,17.20,0.0010,0.87,0.0000
700,cloud,4,2000,40000,5.00,19.01,0.0010,100.04,0.0000
700,fog-0,4,3500,4000,87.50,51.49,0.0010,2.19,0.0000
700,cam-1,2,800,1000,80.00,20.64,0.0010,1.16,0.0000
700,cam-2,2,800,1000,80.00,15.34,0.0010,1.87,0.0000
700,soil-sensor-node,2,400,512,78.13,22.74,0.0010,1.95,0.0000
700,signal-monitor,2,600,1024,58.59,22.01,0.0010,0.82,0.0000
700,irrigation-controller,2,300,2048,14.65,16.35,0.0010,0.82,0.0000
710,cloud,4,2000,40000,5.00,34.04,0.0010,99.06,0.0000
710,fog-0,4,3500,4000,87.50,51.06,0.0010,1.99,0.0000
710,cam-1,2,800,1000,80.00,21.44,0.0010,1.55,0.0000
710,cam-2,2,800,1000,80.00,26.15,0.0010,2.04,0.0000
710,soil-sensor-node,2,400,512,78.13,9.46,0.0010,0.84,0.0000
710,signal-monitor,2,600,1024,58.59,23.06,0.0010,1.22,0.0000
710,irrigation-controller,2,300,2048,14.65,18.96,0.0010,1.05,0.0000
800,cloud,4,2000,40000,5.00,28.15,0.0010,99.75,0.0000
800,fog-0,4,3500,4000,87.50,58.66,0.0010,2.99,0.0000
800,cam-1,2,800,1000,80.00,18.89,0.0010,1.87,0.0000
800,cam-2,2,800,1000,80.00,24.88,0.0010,1.72,0.0000
800,soil-sensor-node,2,400,512,78.13,16.26,0.0010,0.85,0.0000
800,signal-monitor,2,600,1024,58.59,20.95,0.0010,0.81,0.0000
800,irrigation-controller,2,300,2048,14.65,21.91,0.0010,0.10,0.0000
800,cloud,4,2000,40000,5.00,29.38,0.0010,99.66,0.0000
800,fog-0,4,3500,4000,87.50,44.81,0.0010,2.31,0.0000
800,cam-1,2,800,1000,80.00,19.68,0.0010,2.07,0.0000
800,cam-2,2,800,1000,80.00,16.38,0.0010,2.19,0.0000
800,soil-sensor-node,2,400,512,78.13,21.07,0.0010,0.91,0.0000
800,signal-monitor,2,600,1024,58.59,20.22,0.0010,1.21,0.0000
800,irrigation-controller,2,300,2048,14.65,11.85,0.0010,1.16,0.0000
800,cloud,4,2000,40000,5.00,3.16,0.0010,101.07,0.0000
800,fog-0,4,3500,4000,87.50,53.28,0.0010,3.40,0.0000
800,cam-1,2,800,1000,80.00,26.16,0.0010,1.81,0.0000
800,cam-2,2,800,1000,80.00,15.14,0.0010,2.05,0.0000
800,soil-sensor-node,2,400,512,78.13,16.59,0.0010,0.74,0.0000
800,signal-monitor,2,600,1024,58.59,22.51,0.0010,1.95,0.0000
800,irrigation-controller,2,300,2048,14.65,19.56,0.0010,0.98,0.0000
800,cloud,4,2000,40000,5.00,30.11,0.0010,100.73,0.0000
800,fog-0,4,3500,4000,87.50,55.34,0.0010,1.64,0.0000
800,cam-1,2,800,1000,80.00,22.88,0.0010,1.55,0.0000
800,cam-2,2,800,1000,80.00,17.51,0.0010,1.71,0.0000
800,soil-sensor-node,2,400,512,78.13,14.96,0.0010,1.15,0.0000
800,signal-monitor,2,600,1024,58.59,12.70,0.0010,0.99,0.0000
800,irrigation-controller,2,300,2048,14.65,14.82,0.0010,1.17,0.0000
800,cloud,4,2000,40000,5.00,31.49,0.0010,100.02,0.0000
800,fog-0,4,3500,4000,87.50,42.79,0.0010,2.48,0.0000
800,cam-1,2,800,1000,80.00,17.50,0.0010,1.91,0.0000
800,cam-2,2,800,1000,80.00,17.62,0.0010,2.16,0.0000
800,soil-sensor-node,2,400,512,78.13,22.58,0.0010,1.47,0.0000
800,signal-monitor,2,600,1024,58.59,55.98,0.0010,0.99,0.0000
800,irrigation-controller,2,300,2048,14.65,22.13,0.0010,0.60,0.0000
800,cloud,4,2000,40000,5.00,34.41,0.0010,99.95,0.0000
800,fog-0,4,3500,4000,87.50,55.47,0.0010,1.75,0.0000
800,cam-1,2,800,1000,80.00,24.92,0.0010,1.85,0.0000
800,cam-2,2,800,1000,80.00,9.78,0.0010,1.48,0.0000
800,soil-sensor-node,2,400,512,78.13,23.94,0.0010,2.00,0.0000
800,signal-monitor,2,600,1024,58.59,10.61,0.0010,0.96,0.0000
800,irrigation-controller,2,300,2048,14.65,13.93,0.0010,2.04,0.0000
800,cloud,4,2000,40000,5.00,27.60,0.0010,99.47,0.0000
800,fog-0,4,3500,4000,87.50,45.84,0.0010,1.89,0.0000
800,cam-1,2,800,1000,80.00,26.76,0.0010,1.03,0.0000
800,cam-2,2,800,1000,80.00,14.17,0.0010,1.93,0.0000
800,soil-sensor-node,2,400,512,78.13,11.16,0.0010,1.33,0.0000
800,signal-monitor,2,600,1024,58.59,22.53,0.0010,0.64,0.0000
800,irrigation-controller,2,300,2048,14.65,14.88,0.0010,1.37,0.0000
800,cloud,4,2000,40000,5.00,21.27,0.0010,99.59,0.0000
800,fog-0,4,3500,4000,87.50,36.54,0.0010,2.27,0.0000
800,cam-1,2,800,1000,80.00,25.52,0.0010,2.67,0.0000
800,cam-2,2,800,1000,80.00,26.48,0.0010,2.83,0.0000
800,soil-sensor-node,2,400,512,78.13,12.64,0.0010,0.41,0.0000
800,signal-monitor,2,600,1024,58.59,18.37,0.0010,0.55,0.0000
800,irrigation-controller,2,300,2048,14.65,5.67,0.0010,1.03,0.0000
810,cloud,4,2000,40000,5.00,25.67,0.0010,100.53,0.0000
810,fog-0,4,3500,4000,87.50,41.74,0.0010,2.43,0.0000
810,cam-1,2,800,1000,80.00,19.83,0.0010,1.75,0.0000
810,cam-2,2,800,1000,80.00,23.27,0.0010,2.38,0.0000
810,soil-sensor-node,2,400,512,78.13,18.61,0.0010,0.71,0.0000
810,signal-monitor,2,600,1024,58.59,14.22,0.0010,1.02,0.0000
810,irrigation-controller,2,300,2048,14.65,14.69,0.0010,1.79,0.0000
900,cloud,4,2000,40000,5.00,27.58,0.0010,100.57,0.0000
900,fog-0,4,3500,4000,87.50,58.48,0.0010,1.84,0.0000
900,cam-1,2,800,1000,80.00,9.86,0.0010,1.55,0.0000
900,cam-2,2,800,1000,80.00,21.11,0.0010,2.56,0.0000
900,soil-sensor-node,2,400,512,78.13,18.37,0.0010,1.46,0.0000
900,signal-monitor,2,600,1024,58.59,10.77,0.0010,0.72,0.0000
900,irrigation-controller,2,300,2048,14.65,10.24,0.0010,0.11,0.0000
900,cloud,4,2000,40000,5.00,24.58,0.0010,99.60,0.0000
900,fog-0,4,3500,4000,87.50,50.33,0.0010,2.21,0.0000
900,cam-1,2,800,1000,80.00,16.66,0.0010,2.43,0.0000
900,cam-2,2,800,1000,80.00,22.99,0.0010,1.81,0.0000
900,soil-sensor-node,2,400,512,78.13,13.91,0.0010,0.72,0.0000
900,signal-monitor,2,600,1024,58.59,15.09,0.0010,0.62,0.0000
900,irrigation-controller,2,300,2048,14.65,13.59,0.0010,0.42,0.0000
900,cloud,4,2000,40000,5.00,29.45,0.0010,99.45,0.0000
900,fog-0,4,3500,4000,87.50,51.75,0.0010,1.61,0.0000
900,cam-1,2,800,1000,80.00,20.34,0.0010,1.22,0.0000
900,cam-2,2,800,1000,80.00,18.03,0.0010,2.21,0.0000
900,soil-sensor-node,2,400,512,78.13,16.81,0.0010,1.41,0.0000
900,signal-monitor,2,600,1024,58.59,15.47,0.0010,0.76,0.0000
900,irrigation-controller,2,300,2048,14.65,14.95,0.0010,1.22,0.0000
900,cloud,4,2000,40000,5.00,26.87,0.0010,100.01,0.0000
900,fog-0,4,3500,4000,87.50,53.19,0.0010,2.48,0.0000
900,cam-1,2,800,1000,80.00,20.68,0.0010,1.55,0.0000
900,cam-2,2,800,1000,80.00,25.24,0.0010,2.63,0.0000
900,soil-sensor-node,2,400,512,78.13,11.55,0.0010,1.47,0.0000
900,signal-monitor,2,600,1024,58.59,11.33,0.0010,0.97,0.0000
900,irrigation-controller,2,300,2048,14.65,8.91,0.0010,0.70,0.0000
900,cloud,4,2000,40000,5.00,26.26,0.0010,100.23,0.0000
900,fog-0,4,3500,4000,87.50,48.40,0.0010,1.15,0.0000
900,cam-1,2,800,1000,80.00,20.78,0.0010,1.54,0.0000
900,cam-2,2,800,1000,80.00,28.79,0.0010,1.77,0.0000
900,soil-sensor-node,2,400,512,78.13,17.72,0.0010,0.70,0.0000
900,signal-monitor,2,600,1024,58.59,20.96,0.0010,1.40,0.0000
900,irrigation-controller,2,300,2048,14.65,10.67,0.0010,0.58,0.0000
900,cloud,4,2000,40000,5.00,27.96,0.0010,99.47,0.0000
900,fog-0,4,3500,4000,87.50,54.83,0.0010,1.95,0.0000
900,cam-1,2,800,1000,80.00,23.14,0.0010,1.46,0.0000
900,cam-2,2,800,1000,80.00,24.03,0.0010,1.98,0.0000
900,soil-sensor-node,2,400,512,78.13,61.15,0.0010,1.46,0.0000
900,signal-monitor,2,600,1024,58.59,27.84,0.0010,1.06,0.0000
900,irrigation-controller,2,300,2048,14.65,9.35,0.0010,0.84,0.0000
900,cloud,4,2000,40000,5.00,26.22,0.0010,99.75,0.0000
900,fog-0,4,3500,4000,87.50,71.29,0.0010,1.49,0.0159
900,cam-1,2,800,1000,80.00,22.94,0.0010,1.13,0.0000
900,cam-2,2,800,1000,80.00,27.75,0.0010,2.32,0.0000
900,soil-sensor-node,2,400,512,78.13,21.02,0.0010,2.50,0.0000
900,signal-monitor,2,600,1024,58.59,12.16,0.0010,1.34,0.0000
900,irrigation-controller,2,300,2048,14.65,23.00,0.0010,0.88,0.0000
900,cloud,4,2000,40000,5.00,29.09,0.0010,100.44,0.0000
900,fog-0,4,3500,4000,87.50,52.68,0.0010,2.19,0.0000
900,cam-1,2,800,1000,80.00,13.45,0.0010,2.73,0.0000
900,cam-2,2,800,1000,80.00,24.68,0.0010,1.56,0.0000
900,soil-sensor-node,2,400,512,78.13,19.72,0.0010,2.14,0.0000
900,signal-monitor,2,600,1024,58.59,6.61,0.0010,1.02,0.0000
900,irrigation-controller,2,300,2048,14.65,1.05,0.0010,1.33,0.0000
900,cloud,4,2000,40000,5.00,27.74,0.0010,100.39,0.0000
900,fog-0,4,3500,4000,87.50,52.74,0.0010,1.83,0.0000
900,cam-1,2,800,1000,80.00,15.73,0.0010,1.88,0.0000
900,cam-2,2,800,1000,80.00,1.13,0.0010,1.45,0.0000
900,soil-sensor-node,2,400,512,78.13,14.40,0.0010,0.71,0.0000
900,signal-monitor,2,600,1024,58.59,13.22,0.0010,0.99,0.0000
900,irrigation-controller,2,300,2048,14.65,13.83,0.0010,1.06,0.0000
910,cloud,4,2000,40000,5.00,31.77,0.0010,99.62,0.0000
910,fog-0,4,3500,4000,87.50,52.39,0.0010,2.18,0.0000
910,cam-1,2,800,1000,80.00,24.03,0.0010,1.86,0.0000
910,cam-2,2,800,1000,80.00,17.98,0.0010,1.47,0.0000
910,soil-sensor-node,2,400,512,78.13,15.70,0.0010,1.16,0.0000
910,signal-monitor,2,600,1024,58.59,14.86,0.0010,0.97,0.0000
910,irrigation-controller,2,300,2048,14.65,11.63,0.0010,0.58,0.0000
1000,cloud,4,2000,40000,5.00,24.67,0.0010,99.37,0.0000
1000,fog-0,4,3500,4000,87.50,54.97,0.0010,2.99,0.0000
1000,cam-1,2,800,1000,80.00,27.17,0.0010,1.90,0.0000
1000,cam-2,2,800,1000,80.00,22.75,0.0010,2.02,0.0000
1000,soil-sensor-node,2,400,512,78.13,13.51,0.0010,2.40,0.0000
1000,signal-monitor,2,600,1024,58.59,17.75,0.0010,2.01,0.0000
1000,irrigation-controller,2,300,2048,14.65,21.03,0.0010,0.42,0.0000
1000,cloud,4,2000,40000,5.00,31.03,0.0010,100.03,0.0000
1000,fog-0,4,3500,4000,87.50,54.40,0.0010,1.23,0.0000
1000,cam-1,2,800,1000,80.00,20.88,0.0010,2.56,0.0000
1000,cam-2,2,800,1000,80.00,19.08,0.0010,0.98,0.0000
1000,soil-sensor-node,2,400,512,78.13,9.66,0.0010,2.14,0.0000
1000,signal-monitor,2,600,1024,58.59,16.42,0.0010,1.65,0.0000
1000,irrigation-controller,2,300,2048,14.65,20.21,0.0010,0.98,0.0000
1000,cloud,4,2000,40000,5.00,56.28,0.0010,99.67,0.0000
1000,fog-0,4,3500,4000,87.50,49.19,0.0010,2.05,0.0000
1000,cam-1,2,800,1000,80.00,23.25,0.0010,1.81,0.0000
1000,cam-2,2,800,1000,80.00,17.99,0.0010,2.44,0.0000
1000,soil-sensor-node,2,400,512,78.13,15.27,0.0010,1.23,0.0000
1000,signal-monitor,2,600,1024,58.59,20.63,0.0010,0.49,0.0000
1000,irrigation-controller,2,300,2048,14.65,7.59,0.0010,1.95,0.0000
1000,cloud,4,2000,40000,5.00,2.40,0.0010,99.83,0.0000
1000,fog-0,4,3500,4000,87.50,46.12,0.0010,1.83,0.0000
1000,cam-1,2,800,1000,80.00,22.60,0.0010,2.12,0.0000
1000,cam-2,2,800,1000,80.00,21.97,0.0010,1.60,0.0000
1000,soil-sensor-node,2,400,512,78.13,17.36,0.0010,1.22,0.0000
1000,signal-monitor,2,600,1024,58.59,13.91,0.0010,1.33,0.0000
1000,irrigation-controller,2,300,2048,14.65,16.74,0.0010,1.32,0.0000
1000,cloud,4,2000,40000,5.00,25.27,0.0010,99.57,0.0000
1000,fog-0,4,3500,4000,87.50,56.36,0.0010,2.43,0.0000
1000,cam-1,2,800,1000,80.00,19.20,0.0010,1.54,0.0000
1000,cam-2,2,800,1000,80.00,21.16,0.0010,2.95,0.0000
1000,soil-sensor-node,2,400,512,78.13,23.00,0.0010,1.35,0.0000
1000,signal-monitor,2,600,1024,58.59,19.96,0.0010,1.24,0.0000
1000,irrigation-controller,2,300,2048,14.65,8.46,0.0010,0.82,0.0000
1000,cloud,4,2000,40000,5.00,29.73,0.0010,100.28,0.0000
1000,fog-0,4,3500,4000,87.50,51.73,0.0010,1.54,0.0000
1000,cam-1,2,800,1000,80.00,24.46,0.0010,2.14,0.0000
1000,cam-2,2,800,1000,80.00,25.78,0.0010,1.80,0.0000
1000,soil-sensor-node,2,400,512,78.13,14.02,0.0010,1.05,0.0000
1000,signal-monitor,2,600,1024,58.59,15.23,0.0010,1.29,0.0000
1000,irrigation-controller,2,300,2048,14.65,12.40,0.0010,1.45,0.0000
1000,cloud,4,2000,40000,5.00,23.34,0.0010,100.27,0.0000
1000,fog-0,4,3500,4000,87.50,51.63,0.0010,2.71,0.0000
1000,cam-1,2,800,1000,80.00,22.39,0.0010,3.05,0.0000
1000,cam-2,2,800,1000,80.00,15.50,0.0010,2.29,0.0000
1000,soil-sensor-node,2,400,512,78.13,11.03,0.0010,1.15,0.0000
1000,signal-monitor,2,600,1024,58.59,12.41,0.0010,1.18,0.0000
1000,irrigation-controller,2,300,2048,14.65,11.11,0.0010,0.28,0.0000
1000,cloud,4,2000,40000,5.00,21.20,0.0010,99.38,0.0000
1000,fog-0,4,3500,4000,87.50,5.07,0.0010,1.17,0.0000
1000,cam-1,2,800,1000,80.00,22.00,0.0010,1.40,0.0000
1000,cam-2,2,800,1000,80.00,8.71,0.0010,1.76,0.0000
1000,soil-sensor-node,2,400,512,78.13,10.05,0.0010,1.70,0.0000
1000,signal-monitor,2,600,1024,58.59,19.93,0.0010,1.75,0.0000
1000,irrigation-controller,2,300,2048,14.65,7.23,0.0010,0.80,0.0000
1000,cloud,4,2000,40000,5.00,30.73,0.0010,99.31,0.0000
1000,fog-0,4,3500,4000,87.50,50.61,0.0010,1.58,0.0000
1000,cam-1,2,800,1000,80.00,22.59,0.0010,2.24,0.0000
1000,cam-2,2,800,1000,80.00,22.74,0.0010,1.21,0.0000
1000,soil-sensor-node,2,400,512,78.13,11.52,0.0010,1.25,0.0000
1000,signal-monitor,2,600,1024,58.59,18.81,0.0010,0.82,0.0000
1000,irrigation-controller,2,300,2048,14.65,18.79,0.0010,1.05,0.0000
1000,cloud,4,2000,40000,5.00,28.23,0.0010,100.23,0.0000
1000,fog-0,4,3500,4000,87.50,45.64,0.0010,1.96,0.0000
1000,cam-1,2,800,1000,80.00,21.00,0.0010,1.61,0.0000
1000,cam-2,2,800,1000,80.00,24.80,0.0010,1.04,0.0000
1000,soil-sensor-node,2,400,512,78.13,18.73,0.0010,1.85,0.0000
1000,signal-monitor,2,600,1024,58.59,15.97,0.0010,1.08,0.0000
1000,irrigation-controller,2,300,2048,14.65,9.86,0.0010,1.15,0.0000
1010,cloud,4,2000,40000,5.00,17.78,0.0010,99.15,0.0000
1010,fog-0,4,3500,4000,87.50,51.99,0.0010,1.97,0.0000
1010,cam-1,2,800,1000,80.00,19.81,0.0010,1.49,0.0000
1010,cam-2,2,800,1000,80.00,24.93,0.0010,2.55,0.0000
1010,soil-sensor-node,2,400,512,78.13,17.76,0.0010,1.56,0.0000
1010,signal-monitor,2,600,1024,58.59,15.24,0.0010,0.56,0.0000
1010,irrigation-controller,2,300,2048,14.65,17.42,0.0010,2.38,0.0000
1100,cloud,4,2000,40000,5.00,27.29,0.0010,100.30,0.0000
1100,fog-0,4,3500,4000,87.50,53.05,0.0010,1.39,0.0000
1100,cam-1,2,800,1000,80.00,25.71,0.0010,1.76,0.0000
1100,cam-2,2,800,1000,80.00,29.98,0.0010,2.00,0.0000
1100,soil-sensor-node,2,400,512,78.13,14.35,0.0010,1.98,0.0000
1100,signal-monitor,2,600,1024,58.59,16.38,0.0010,0.72,0.0000
1100,irrigation-controller,2,300,2048,14.65,8.93,0.0010,1.05,0.0000
1100,cloud,4,2000,40000,5.00,22.68,0.0010,99.53,0.0000
1100,fog-0,4,3500,4000,87.50,50.31,0.0010,1.56,0.0000
1100,cam-1,2,800,1000,80.00,19.76,0.0010,1.40,0.0000
1100,cam-2,2,800,1000,80.00,14.09,0.0010,2.62,0.0000
1100,soil-sensor-node,2,400,512,78.13,13.50,0.0010,2.24,0.0000
1100,signal-monitor,2,600,1024,58.59,15.25,0.0010,1.53,0.0000
1100,irrigation-controller,2,300,2048,14.65,9.48,0.0010,1.30,0.0000
1100,cloud,4,2000,40000,5.00,28.78,0.0010,100.36,0.0000
1100,fog-0,4,3500,4000,87.50,47.98,0.0010,2.55,0.0000
1100,cam-1,2,800,1000,80.00,21.73,0.0010,2.21,0.0000
1100,cam-2,2,800,1000,80.00,22.85,0.0010,2.49,0.0000
1100,soil-sensor-node,2,400,512,78.13,9.64,0.0010,2.14,0.0000
1100,signal-monitor,2,600,1024,58.59,16.83,0.0010,1.16,0.0000
1100,irrigation-controller,2,300,2048,14.65,17.47,0.0010,1.38,0.0000
1100,cloud,4,2000,40000,5.00,28.13,0.0010,100.26,0.0000
1100,fog-0,4,3500,4000,87.50,49.87,0.0010,1.17,0.0000
1100,cam-1,2,800,1000,80.00,18.54,0.0010,1.61,0.0000
1100,cam-2,2,800,1000,80.00,16.50,0.0010,2.59,0.0000
1100,soil-sensor-node,2,400,512,78.13,14.09,0.0010,1.13,0.0000
1100,signal-monitor,2,600,1024,58.59,1.72,0.0010,0.63,0.0000
1100,irrigation-controller,2,300,2048,14.65,10.58,0.0010,0.48,0.0000
1100,cloud,4,2000,40000,5.00,26.51,0.0010,98.98,0.0000
1100,fog-0,4,3500,4000,87.50,53.94,0.0010,1.82,0.0000
1100,cam-1,2,800,1000,80.00,12.49,0.0010,2.21,0.0000
1100,cam-2,2,800,1000,80.00,29.92,0.0010,1.03,0.0000
1100,soil-sensor-node,2,400,512,78.13,13.59,0.0010,2.01,0.0000
1100,signal-monitor,2,600,1024,58.59,13.05,0.0010,1.21,0.0000
1100,irrigation-controller,2,300,2048,14.65,15.40,0.0010,0.69,0.0000
1100,cloud,4,2000,40000,5.00,24.54,0.0010,100.42,0.0000
1100,fog-0,4,3500,4000,87.50,49.97,0.0010,1.56,0.0000
1100,cam-1,2,800,1000,80.00,25.57,0.0010,2.71,0.0000
1100,cam-2,2,800,1000,80.00,21.48,0.0010,2.70,0.0000
1100,soil-sensor-node,2,400,512,78.13,15.02,0.0010,1.97,0.0000
1100,signal-monitor,2,600,1024,58.59,14.45,0.0010,0.89,0.0000
1100,irrigation-controller,2,300,2048,14.65,17.48,0.0010,1.59,0.0000
1100,cloud,4,2000,40000,5.00,14.99,0.0010,99.93,0.0000
1100,fog-0,4,3500,4000,87.50,48.82,0.0010,2.27,0.0000
1100,cam-1,2,800,1000,80.00,20.98,0.0010,2.11,0.0000
1100,cam-2,2,800,1000,80.00,19.58,0.0010,1.84,0.0000
1100,soil-sensor-node,2,400,512,78.13,15.26,0.0010,1.60,0.0000
1100,signal-monitor,2,600,1024,58.59,11.68,0.0010,1.22,0.0000
1100,irrigation-controller,2,300,2048,14.65,11.30,0.0010,1.16,0.0000
1100,cloud,4,2000,40000,5.00,33.75,0.0010,100.65,0.0000
1100,fog-0,4,3500,4000,87.50,48.58,0.0010,1.76,0.0000
1100,cam-1,2,800,1000,80.00,14.62,0.0010,2.30,0.0000
1100,cam-2,2,800,1000,80.00,27.61,0.0010,2.43,0.0000
1100,soil-sensor-node,2,400,512,78.13,17.52,0.0010,0.90,0.0000
1100,signal-monitor,2,600,1024,58.59,8.23,0.0010,0.99,0.0000
1100,irrigation-controller,2,300,2048,14.65,10.19,0.0010,0.78,0.0000
1100,cloud,4,2000,40000,5.00,26.01,0.0010,100.00,0.0000
1100,fog-0,4,3500,4000,87.50,48.77,0.0010,1.27,0.0000
1100,cam-1,2,800,1000,80.00,26.28,0.0010,1.20,0.0000
1100,cam-2,2,800,1000,80.00,13.20,0.0010,1.74,0.0000
1100,soil-sensor-node,2,400,512,78.13,21.45,0.0010,2.35,0.0000
1100,signal-monitor,2,600,1024,58.59,13.56,0.0010,0.52,0.0000
1100,irrigation-controller,2,300,2048,14.65,6.58,0.0010,0.72,0.0000
1100,cloud,4,2000,40000,5.00,19.02,0.0010,99.53,0.0000
1100,fog-0,4,3500,4000,87.50,52.14,0.0010,0.93,0.0000
1100,cam-1,2,800,1000,80.00,17.31,0.0010,2.10,0.0000
1100,cam-2,2,800,1000,80.00,15.16,0.0010,1.84,0.0000
1100,soil-sensor-node,2,400,512,78.13,11.66,0.0010,1.90,0.0000
1100,signal-monitor,2,600,1024,58.59,13.85,0.0010,1.05,0.0000
1100,irrigation-controller,2,300,2048,14.65,14.00,0.0010,1.01,0.0000
1100,cloud,4,2000,40000,5.00,24.01,0.0010,99.78,0.0000
1100,fog-0,4,3500,4000,87.50,43.63,0.0010,2.35,0.0000
1100,cam-1,2,800,1000,80.00,24.72,0.0010,2.19,0.0000
1100,cam-2,2,800,1000,80.00,32.83,0.0010,1.40,0.0000
1100,soil-sensor-node,2,400,512,78.13,9.90,0.0010,1.92,0.0000
1100,signal-monitor,2,600,1024,58.59,16.17,0.0010,1.19,0.0000
1100,irrigation-controller,2,300,2048,14.65,14.93,0.0010,0.65,0.0000
1110,cloud,4,2000,40000,5.00,21.88,0.0010,100.01,0.0000
1110,fog-0,4,3500,4000,87.50,58.88,0.0010,2.26,0.0000
1110,cam-1,2,800,1000,80.00,21.76,0.0010,1.40,0.0000
1110,cam-2,2,800,1000,80.00,21.32,0.0010,2.31,0.0000
1110,soil-sensor-node,2,400,512,78.13,9.64,0.0010,1.59,0.0000
1110,signal-monitor,2,600,1024,58.59,25.75,0.0010,0.28,0.0000
1110,irrigation-controller,2,300,2048,14.65,14.25,0.0010,0.10,0.0000
1200,cloud,4,2000,40000,5.00,24.61,0.0010,100.62,0.0000
1200,fog-0,4,3500,4000,87.50,47.59,0.0010,1.71,0.0000
1200,cam-1,2,800,1000,80.00,21.05,0.0010,2.22,0.0000
1200,cam-2,2,800,1000,80.00,21.21,0.0010,1.77,0.0000
1200,soil-sensor-node,2,400,512,78.13,17.88,0.0010,1.93,0.0000
1200,signal-monitor,2,600,1024,58.59,18.28,0.0010,0.85,0.0000
1200,irrigation-controller,2,300,2048,14.65,7.06,0.0010,1.58,0.0000
1200,cloud,4,2000,40000,5.00,24.36,0.0010,100.09,0.0000
1200,fog-0,4,3500,4000,87.50,89.36,0.0010,2.68,0.1000
1200,cam-1,2,800,1000,80.00,20.84,0.0010,2.27,0.0000
1200,cam-2,2,800,1000,80.00,14.59,0.0010,3.14,0.0000
1200,soil-sensor-node,2,400,512,78.13,4.07,0.0010,1.26,0.0000
1200,signal-monitor,2,600,1024,58.59,17.43,0.0010,1.92,0.0000
1200,irrigation-controller,2,300,2048,14.65,14.30,0.0010,0.66,0.0000
1200,cloud,4,2000,40000,5.00,24.17,0.0010,100.87,0.0000
1200,fog-0,4,3500,4000,87.50,54.54,0.0010,1.15,0.0000
1200,cam-1,2,800,1000,80.00,21.31,0.0010,1.54,0.0000
1200,cam-2,2,800,1000,80.00,27.58,0.0010,1.80,0.0000
1200,soil-sensor-node,2,400,512,78.13,20.62,0.0010,1.01,0.0000
1200,signal-monitor,2,600,1024,58.59,8.48,0.0010,1.63,0.0000
1200,irrigation-controller,2,300,2048,14.65,15.92,0.0010,1.62,0.0000
1200,cloud,4,2000,40000,5.00,37.34,0.0010,100.16,0.0000
1200,fog-0,4,3500,4000,87.50,52.87,0.0010,1.67,0.0000
1200,cam-1,2,800,1000,80.00,22.30,0.0010,2.59,0.0000
1200,cam-2,2,800,1000,80.00,21.48,0.0010,2.87,0.0000
1200,soil-sensor-node,2,400,512,78.13,6.32,0.0010,2.65,0.0000
1200,signal-monitor,2,600,1024,58.59,14.97,0.0010,0.68,0.0000
1200,irrigation-controller,2,300,2048,14.65,13.90,0.0010,1.64,0.0000
1200,cloud,4,2000,40000,5.00,25.79,0.0010,99.40,0.0000
1200,fog-0,4,3500,4000,87.50,53.12,0.0010,2.45,0.0000
1200,cam-1,2,800,1000,80.00,24.03,0.0010,2.16,0.0000
1200,cam-2,2,800,1000,80.00,26.62,0.0010,1.63,0.0000
1200,soil-sensor-node,2,400,512,78.13,4.99,0.0010,0.68,0.0000
1200,signal-monitor,2,600,1024,58.59,19.39,0.0010,0.17,0.0000
1200,irrigation-controller,2,300,2048,14.65,9.49,0.0010,1.32,0.0000
1200,cloud,4,2000,40000,5.00,21.44,0.0010,100.57,0.0000
1200,fog-0,4,3500,4000,87.50,53.89,0.0010,2.19,0.0000
1200,cam-1,2,800,1000,80.00,23.70,0.0010,2.01,0.0000
1200,cam-2,2,800,1000,80.00,22.47,0.0010,1.96,0.0000
1200,soil-sensor-node,2,400,512,78.13,17.00,0.0010,1.15,0.0000
1200,signal-monitor,2,600,1024,58.59,22.56,0.0010,1.07,0.0000
1200,irrigation-controller,2,300,2048,14.65,18.15,0.0010,1.00,0.0000
1200,cloud,4,2000,40000,5.00,21.54,0.0010,100.04,0.0000
1200,fog-0,4,3500,4000,87.50,53.34,0.0010,2.09,0.0000
1200,cam-1,2,800,1000,80.00,10.95,0.0010,2.11,0.0000
1200,cam-2,2,800,1000,80.00,19.27,0.0010,2.53,0.0000
1200,soil-sensor-node,2,400,512,78.13,16.00,0.0010,1.94,0.0000
1200,signal-monitor,2,600,1024,58.59,15.79,0.0010,1.26,0.0000
1200,irrigation-controller,2,300,2048,14.65,10.23,0.0010,0.43,0.0000
1200,cloud,4,2000,40000,5.00,17.64,0.0010,99.06,0.0000
1200,fog-0,4,3500,4000,87.50,98.00,0.0010,2.02,0.1000
1200,cam-1,2,800,1000,80.00,27.91,0.0010,2.98,0.0000
1200,cam-2,2,800,1000,80.00,18.54,0.0010,1.85,0.0000
1200,soil-sensor-node,2,400,512,78.13,7.82,0.0010,1.47,0.0000
1200,signal-monitor,2,600,1024,58.59,20.86,0.0010,2.18,0.0000
1200,irrigation-controller,2,300,2048,14.65,8.61,0.0010,0.88,0.0000
1200,cloud,4,2000,40000,5.00,28.19,0.0010,99.24,0.0000
1200,fog-0,4,3500,4000,87.50,55.66,0.0010,2.71,0.0000
1200,cam-1,2,800,1000,80.00,20.32,0.0010,1.92,0.0000
1200,cam-2,2,800,1000,80.00,21.97,0.0010,2.84,0.0000
1200,soil-sensor-node,2,400,512,78.13,8.75,0.0010,1.23,0.0000
1200,signal-monitor,2,600,1024,58.59,21.69,0.0010,0.24,0.0000
1200,irrigation-controller,2,300,2048,14.65,13.73,0.0010,0.53,0.0000
1200,cloud,4,2000,40000,5.00,18.62,0.0010,100.19,0.0000
1200,fog-0,4,3500,4000,87.50,47.28,0.0010,1.48,0.0000
1200,cam-1,2,800,1000,80.00,27.56,0.0010,1.74,0.0000
1200,cam-2,2,800,1000,80.00,21.06,0.0010,2.69,0.0000
1200,soil-sensor-node,2,400,512,78.13,13.64,0.0010,1.13,0.0000
1200,signal-monitor,2,600,1024,58.59,23.27,0.0010,0.84,0.0000
1200,irrigation-controller,2,300,2048,14.65,15.27,0.0010,0.96,0.0000
1200,cloud,4,2000,40000,5.00,27.08,0.0010,99.24,0.0000
1200,fog-0,4,3500,4000,87.50,50.87,0.0010,2.50,0.0000
1200,cam-1,2,800,1000,80.00,17.15,0.0010,1.71,0.0000
1200,cam-2,2,800,1000,80.00,28.29,0.0010,2.36,0.0000
1200,soil-sensor-node,2,400,512,78.13,16.11,0.0010,1.34,0.0000
1200,signal-monitor,2,600,1024,58.59,14.68,0.0010,0.54,0.0000
1200,irrigation-controller,2,300,2048,14.65,23.95,0.0010,1.19,0.0000
1200,cloud,4,2000,40000,5.00,19.79,0.0010,99.84,0.0000
1200,fog-0,4,3500,4000,87.50,47.04,0.0010,1.81,0.0000
1200,cam-1,2,800,1000,80.00,26.30,0.0010,2.87,0.0000
1200,cam-2,2,800,1000,80.00,20.79,0.0010,1.01,0.0000
1200,soil-sensor-node,2,400,512,78.13,3.62,0.0010,1.54,0.0000
1200,signal-monitor,2,600,1024,58.59,20.01,0.0010,0.66,0.0000
1200,irrigation-controller,2,300,2048,14.65,14.50,0.0010,0.67,0.0000
1210,cloud,4,2000,40000,5.00,23.02,0.0010,100.31,0.0000
1210,fog-0,4,3500,4000,87.50,43.60,0.0010,1.80,0.0000
1210,cam-1,2,800,1000,80.00,22.46,0.0010,1.31,0.0000
1210,cam-2,2,800,1000,80.00,21.86,0.0010,1.80,0.0000
1210,soil-sensor-node,2,400,512,78.13,17.53,0.0010,1.48,0.0000
1210,signal-monitor,2,600,1024,58.59,25.96,0.0010,0.31,0.0000
1210,irrigation-controller,2,300,2048,14.65,15.15,0.0010,0.80,0.0000
1300,cloud,4,2000,40000,5.00,25.00,0.0010,100.21,0.0000
1300,fog-0,4,3500,4000,87.50,54.85,0.0010,2.69,0.0000
1300,cam-1,2,800,1000,80.00,14.73,0.0010,2.36,0.0000
1300,cam-2,2,800,1000,80.00,27.33,0.0010,2.11,0.0000
1300,soil-sensor-node,2,400,512,78.13,19.07,0.0010,1.13,0.0000
1300,signal-monitor,2,600,1024,58.59,18.46,0.0010,0.94,0.0000
1300,irrigation-controller,2,300,2048,14.65,9.94,0.0010,1.09,0.0000
1300,cloud,4,2000,40000,5.00,17.09,0.0010,100.13,0.0000
1300,fog-0,4,3500,4000,87.50,52.47,0.0010,1.65,0.0000
1300,cam-1,2,800,1000,80.00,30.18,0.0010,0.60,0.0000
1300,cam-2,2,800,1000,80.00,21.67,0.0010,2.27,0.0000
1300,soil-sensor-node,2,400,512,78.13,12.35,0.0010,1.51,0.0000
1300,signal-monitor,2,600,1024,58.59,21.11,0.0010,0.67,0.0000
1300,irrigation-controller,2,300,2048,14.65,11.59,0.0010,0.67,0.0000
1300,cloud,4,2000,40000,5.00,17.73,0.0010,100.40,0.0000
1300,fog-0,4,3500,4000,87.50,51.51,0.0010,2.26,0.0000
1300,cam-1,2,800,1000,80.00,11.35,0.0010,1.65,0.0000
1300,cam-2,2,800,1000,80.00,21.33,0.0010,2.38,0.0000
1300,soil-sensor-node,2,400,512,78.13,14.13,0.0010,1.96,0.0000
1300,signal-monitor,2,600,1024,58.59,14.70,0.0010,0.45,0.0000
1300,irrigation-controller,2,300,2048,14.65,19.83,0.0010,1.56,0.0000
1300,cloud,4,2000,40000,5.00,28.83,0.0010,99.35,0.0000
1300,fog-0,4,3500,4000,87.50,51.83,0.0010,1.26,0.0000
1300,cam-1,2,800,1000,80.00,25.16,0.0010,1.97,0.0000
1300,cam-2,2,800,1000,80.00,21.08,0.0010,1.65,0.0000
1300,soil-sensor-node,2,400,512,78.13,9.50,0.0010,1.78,0.0000
1300,signal-monitor,2,600,1024,58.59,18.14,0.0010,1.28,0.0000
1300,irrigation-controller,2,300,2048,14.65,14.52,0.0010,0.79,0.0000
1300,cloud,4,2000,40000,5.00,30.40,0.0010,101.34,0.0000
1300,fog-0,4,3500,4000,87.50,46.65,0.0010,1.55,0.0000
1300,cam-1,2,800,1000,80.00,21.86,0.0010,0.58,0.0000
1300,cam-2,2,800,1000,80.00,18.34,0.0010,2.06,0.0000
1300,soil-sensor-node,2,400,512,78.13,7.97,0.0010,0.56,0.0000
1300,signal-monitor,2,600,1024,58.59,12.84,0.0010,1.36,0.0000
1300,irrigation-controller,2,300,2048,14.65,15.33,0.0010,1.16,0.0000
1300,cloud,4,2000,40000,5.00,26.14,0.0010,100.05,0.0000
1300,fog-0,4,3500,4000,87.50,58.15,0.0010,2.37,0.0000
1300,cam-1,2,800,1000,80.00,26.36,0.0010,1.43,0.0000
1300,cam-2,2,800,1000,80.00,21.75,0.0010,2.12,0.0000
1300,soil-sensor-node,2,400,512,78.13,14.15,0.0010,2.26,0.0000
1300,signal-monitor,2,600,1024,58.59,22.08,0.0010,1.16,0.0000
1300,irrigation-controller,2,300,2048,14.65,23.28,0.0010,1.21,0.0000
1300,cloud,4,2000,40000,5.00,20.71,0.0010,99.84,0.0000
1300,fog-0,4,3500,4000,87.50,48.38,0.0010,3.54,0.0000
1300,cam-1,2,800,1000,80.00,17.81,0.0010,1.77,0.0000
1300,cam-2,2,800,1000,80.00,22.09,0.0010,1.65,0.0000
1300,soil-sensor-node,2,400,512,78.13,24.64,0.0010,1.78,0.0000
1300,signal-monitor,2,600,1024,58.59,17.26,0.0010,0.39,0.0000
1300,irrigation-controller,2,300,2048,14.65,14.69,0.0010,0.10,0.0000
1300,cloud,4,2000,40000,5.00,17.54,0.0010,99.73,0.0000
1300,fog-0,4,3500,4000,87.50,49.03,0.0010,2.77,0.0000
1300,cam-1,2,800,1000,80.00,20.41,0.0010,2.49,0.0000
1300,cam-2,2,800,1000,80.00,65.04,0.0010,1.91,0.0000
1300,soil-sensor-node,2,400,512,78.13,10.08,0.0010,1.67,0.0000
1300,signal-monitor,2,600,1024,58.59,22.58,0.0010,0.95,0.0000
1300,irrigation-controller,2,300,2048,14.65,7.44,0.0010,0.28,0.0000
1300,cloud,4,2000,40000,5.00,28.17,0.0010,99.90,0.0000
1300,fog-0,4,3500,4000,87.50,49.03,0.0010,1.52,0.0000
1300,cam-1,2,800,1000,80.00,26.88,0.0010,1.99,0.0000
1300,cam-2,2,800,1000,80.00,18.69,0.0010,2.27,0.0000
1300,soil-sensor-node,2,400,512,78.13,19.81,0.0010,1.84,0.0000
1300,signal-monitor,2,600,1024,58.59,24.13,0.0010,0.10,0.0000
1300,irrigation-controller,2,300,2048,14.65,8.38,0.0010,1.28,0.0000
1300,cloud,4,2000,40000,5.00,27.28,0.0010,99.29,0.0000
1300,fog-0,4,3500,4000,87.50,57.68,0.0010,1.62,0.0000
1300,cam-1,2,800,1000,80.00,22.93,0.0010,1.68,0.0000
1300,cam-2,2,800,1000,80.00,22.42,0.0010,2.05,0.0000
1300,soil-sensor-node,2,400,512,78.13,11.21,0.0010,1.63,0.0000
1300,signal-monitor,2,600,1024,58.59,12.83,0.0010,1.63,0.0000
1300,irrigation-controller,2,300,2048,14.65,21.13,0.0010,1.37,0.0000
1300,cloud,4,2000,40000,5.00,26.47,0.0010,100.55,0.0000
1300,fog-0,4,3500,4000,87.50,56.18,0.0010,1.62,0.0000
1300,cam-1,2,800,1000,80.00,27.83,0.0010,2.94,0.0000
1300,cam-2,2,800,1000,80.00,22.11,0.0010,2.72,0.0000
1300,soil-sensor-node,2,400,512,78.13,15.36,0.0010,0.56,0.0000
1300,signal-monitor,2,600,1024,58.59,20.78,0.0010,0.57,0.0000
1300,irrigation-controller,2,300,2048,14.65,9.30,0.0010,1.29,0.0000
1300,cloud,4,2000,40000,5.00,31.96,0.0010,99.08,0.0000
1300,fog-0,4,3500,4000,87.50,61.24,0.0010,2.21,0.0000
1300,cam-1,2,800,1000,80.00,22.14,0.0010,1.70,0.0000
1300,cam-2,2,800,1000,80.00,25.89,0.0010,2.54,0.0000
1300,soil-sensor-node,2,400,512,78.13,11.37,0.0010,2.07,0.0000
1300,signal-monitor,2,600,1024,58.59,29.31,0.0010,1.25,0.0000
1300,irrigation-controller,2,300,2048,14.65,11.92,0.0010,0.60,0.0000
1300,cloud,4,2000,40000,5.00,22.90,0.0010,99.58,0.0000
1300,fog-0,4,3500,4000,87.50,54.69,0.0010,2.58,0.0000
1300,cam-1,2,800,1000,80.00,25.50,0.0010,0.70,0.0000
1300,cam-2,2,800,1000,80.00,30.96,0.0010,2.72,0.0000
1300,soil-sensor-node,2,400,512,78.13,9.38,0.0010,1.11,0.0000
1300,signal-monitor,2,600,1024,58.59,23.05,0.0010,1.06,0.0000
1300,irrigation-controller,2,300,2048,14.65,14.89,0.0010,0.10,0.0000
1310,cloud,4,2000,40000,5.00,20.06,0.0010,100.34,0.0000
1310,fog-0,4,3500,4000,87.50,46.53,0.0010,2.28,0.0000
1310,cam-1,2,800,1000,80.00,16.63,0.0010,1.94,0.0000
1310,cam-2,2,800,1000,80.00,27.35,0.0010,1.93,0.0000
1310,soil-sensor-node,2,400,512,78.13,3.33,0.0010,1.63,0.0000
1310,signal-monitor,2,600,1024,58.59,20.17,0.0010,1.32,0.0000
1310,irrigation-controller,2,300,2048,14.65,13.14,0.0010,1.12,0.0000
1400,cloud,4,2000,40000,5.00,34.08,0.0010,100.59,0.0000
1400,fog-0,4,3500,4000,87.50,50.51,0.0010,2.28,0.0000
1400,cam-1,2,800,1000,80.00,31.13,0.0010,1.00,0.0000
1400,cam-2,2,800,1000,80.00,24.01,0.0010,2.60,0.0000
1400,soil-sensor-node,2,400,512,78.13,13.87,0.0010,1.83,0.0000
1400,signal-monitor,2,600,1024,58.59,14.36,0.0010,1.48,0.0000
1400,irrigation-controller,2,300,2048,14.65,9.05,0.0010,0.92,0.0000
1400,cloud,4,2000,40000,5.00,25.47,0.0010,99.66,0.0000
1400,fog-0,4,3500,4000,87.50,60.56,0.0010,0.58,0.0000
1400,cam-1,2,800,1000,80.00,24.94,0.0010,1.78,0.0000
1400,cam-2,2,800,1000,80.00,21.88,0.0010,0.98,0.0000
1400,soil-sensor-node,2,400,512,78.13,4.45,0.0010,2.09,0.0000
1400,signal-monitor,2,600,1024,58.59,17.70,0.0010,0.85,0.0000
1400,irrigation-controller,2,300,2048,14.65,15.96,0.0010,0.73,0.0000
1400,cloud,4,2000,40000,5.00,20.85,0.0010,99.83,0.0000
1400,fog-0,4,3500,4000,87.50,53.11,0.0010,2.09,0.0000
1400,cam-1,2,800,1000,80.00,21.66,0.0010,2.01,0.0000
1400,cam-2,2,800,1000,80.00,27.67,0.0010,1.98,0.0000
1400,soil-sensor-node,2,400,512,78.13,15.97,0.0010,1.46,0.0000
1400,signal-monitor,2,600,1024,58.59,12.53,0.0010,0.11,0.0000
1400,irrigation-controller,2,300,2048,14.65,7.23,0.0010,1.14,0.0000
1400,cloud,4,2000,40000,5.00,25.16,0.0010,99.50,0.0000
1400,fog-0,4,3500,4000,87.50,50.77,0.0010,2.31,0.0000
1400,cam-1,2,800,1000,80.00,23.68,0.0010,2.93,0.0000
1400,cam-2,2,800,1000,80.00,18.29,0.0010,2.00,0.0000
1400,soil-sensor-node,2,400,512,78.13,10.71,0.0010,1.57,0.0000
1400,signal-monitor,2,600,1024,58.59,22.51,0.0010,0.78,0.0000
1400,irrigation-controller,2,300,2048,14.65,19.53,0.0010,1.14,0.0000
1400,cloud,4,2000,40000,5.00,7.60,0.0010,99.47,0.0000
1400,fog-0,4,3500,4000,87.50,48.93,0.0010,1.78,0.0000
1400,cam-1,2,800,1000,80.00,20.16,0.0010,2.02,0.0000
1400,cam-2,2,800,1000,80.00,30.35,0.0010,1.97,0.0000
1400,soil-sensor-node,2,400,512,78.13,19.04,0.0010,1.30,0.0000
1400,signal-monitor,2,600,1024,58.59,21.04,0.0010,1.42,0.0000
1400,irrigation-controller,2,300,2048,14.65,15.75,0.0010,1.00,0.0000
1400,cloud,4,2000,40000,5.00,27.46,0.0010,100.89,0.0000
1400,fog-0,4,3500,4000,87.50,51.51,0.0010,2.36,0.0000
1400,cam-1,2,800,1000,80.00,18.48,0.0010,2.48,0.0000
1400,cam-2,2,800,1000,80.00,60.45,0.0010,1.43,0.0000
1400,soil-sensor-node,2,400,512,78.13,14.30,0.0010,0.87,0.0000
1400,signal-monitor,2,600,1024,58.59,18.38,0.0010,0.80,0.0000
1400,irrigation-controller,2,300,2048,14.65,15.18,0.0010,0.25,0.0000
1400,cloud,4,2000,40000,5.00,23.13,0.0010,99.64,0.0000
1400,fog-0,4,3500,4000,87.50,47.85,0.0010,2.65,0.0000
1400,cam-1,2,800,1000,80.00,20.10,0.0010,2.04,0.0000
1400,cam-2,2,800,1000,80.00,23.10,0.0010,2.14,0.0000
1400,soil-sensor-node,2,400,512,78.13,15.15,0.0010,1.36,0.0000
1400,signal-monitor,2,600,1024,58.59,26.79,0.0010,1.35,0.0000
1400,irrigation-controller,2,300,2048,14.65,6.23,0.0010,1.06,0.0000
1400,cloud,4,2000,40000,5.00,26.07,0.0010,100.48,0.0000
1400,fog-0,4,3500,4000,87.50,55.68,0.0010,1.96,0.0000
1400,cam-1,2,800,1000,80.00,14.24,0.0010,1.24,0.0000
1400,cam-2,2,800,1000,80.00,30.89,0.0010,2.86,0.0000
1400,soil-sensor-node,2,400,512,78.13,7.97,0.0010,2.19,0.0000
1400,signal-monitor,2,600,1024,58.59,11.14,0.0010,0.67,0.0000
1400,irrigation-controller,2,300,2048,14.65,4.24,0.0010,1.36,0.0000
1400,cloud,4,2000,40000,5.00,37.69,0.0010,100.31,0.0000
1400,fog-0,4,3500,4000,87.50,48.63,0.0010,2.90,0.0000
1400,cam-1,2,800,1000,80.00,21.41,0.0010,1.24,0.0000
1400,cam-2,2,800,1000,80.00,26.98,0.0010,2.15,0.0000
1400,soil-sensor-node,2,400,512,78.13,10.58,0.0010,0.97,0.0000
1400,signal-monitor,2,600,1024,58.59,15.70,0.0010,0.31,0.0000
1400,irrigation-controller,2,300,2048,14.65,14.21,0.0010,0.80,0.0000
1400,cloud,4,2000,40000,5.00,20.78,0.0010,99.50,0.0000
1400,fog-0,4,3500,4000,87.50,43.59,0.0010,1.44,0.0000
1400,cam-1,2,800,1000,80.00,16.66,0.0010,2.31,0.0000
1400,cam-2,2,800,1000,80.00,9.67,0.0010,1.88,0.0000
1400,soil-sensor-node,2,400,512,78.13,15.10,0.0010,1.14,0.0000
1400,signal-monitor,2,600,1024,58.59,8.85,0.0010,0.67,0.0000
1400,irrigation-controller,2,300,2048,14.65,12.23,0.0010,0.44,0.0000
1400,cloud,4,2000,40000,5.00,25.26,0.0010,99.85,0.0000
1400,fog-0,4,3500,4000,87.50,52.52,0.0010,2.76,0.0000
1400,cam-1,2,800,1000,80.00,18.46,0.0010,1.05,0.0000
1400,cam-2,2,800,1000,80.00,18.35,0.0010,2.65,0.0000
1400,soil-sensor-node,2,400,512,78.13,17.01,0.0010,1.40,0.0000
1400,signal-monitor,2,600,1024,58.59,27.49,0.0010,1.01,0.0000
1400,irrigation-controller,2,300,2048,14.65,15.06,0.0010,1.50,0.0000
1400,cloud,4,2000,40000,5.00,24.10,0.0010,99.75,0.0000
1400,fog-0,4,3500,4000,87.50,42.17,0.0010,2.38,0.0000
1400,cam-1,2,800,1000,80.00,27.53,0.0010,1.49,0.0000
1400,cam-2,2,800,1000,80.00,9.39,0.0010,2.45,0.0000
1400,soil-sensor-node,2,400,512,78.13,11.72,0.0010,1.68,0.0000
1400,signal-monitor,2,600,1024,58.59,24.70,0.0010,0.66,0.0000
1400,irrigation-controller,2,300,2048,14.65,6.23,0.0010,1.69,0.0000
1400,cloud,4,2000,40000,5.00,29.93,0.0010,99.57,0.0000
1400,fog-0,4,3500,4000,87.50,59.36,0.0010,2.31,0.0000
1400,cam-1,2,800,1000,80.00,24.65,0.0010,2.12,0.0000
1400,cam-2,2,800,1000,80.00,21.70,0.0010,2.31,0.0000
1400,soil-sensor-node,2,400,512,78.13,5.39,0.0010,0.89,0.0000
1400,signal-monitor,2,600,1024,58.59,21.39,0.0010,1.07,0.0000
1400,irrigation-controller,2,300,2048,14.65,13.82,0.0010,1.62,0.0000
1400,cloud,4,2000,40000,5.00,30.21,0.0010,100.68,0.0000
1400,fog-0,4,3500,4000,87.50,52.18,0.0010,2.59,0.0000
1400,cam-1,2,800,1000,80.00,16.83,0.0010,1.75,0.0000
1400,cam-2,2,800,1000,80.00,25.29,0.0010,2.26,0.0000
1400,soil-sensor-node,2,400,512,78.13,7.31,0.0010,1.63,0.0000
1400,signal-monitor,2,600,1024,58.59,50.48,0.0010,0.81,0.0000
1400,irrigation-controller,2,300,2048,14.65,12.66,0.0010,1.74,0.0000
1410,cloud,4,2000,40000,5.00,25.87,0.0010,99.40,0.0000
1410,fog-0,4,3500,4000,87.50,46.33,0.0010,1.90,0.0000
1410,cam-1,2,800,1000,80.00,24.02,0.0010,2.37,0.0000
1410,cam-2,2,800,1000,80.00,29.43,0.0010,2.49,0.0000
1410,soil-sensor-node,2,400,512,78.13,10.66,0.0010,1.52,0.0000
1410,signal-monitor,2,600,1024,58.59,17.37,0.0010,0.46,0.0000
1410,irrigation-controller,2,300,2048,14.65,15.77,0.0010,1.17,0.0000
1500,cloud,4,2000,40000,5.00,22.83,0.0010,100.48,0.0000
1500,fog-0,4,3500,4000,87.50,47.41,0.0010,2.25,0.0000
1500,cam-1,2,800,1000,80.00,23.81,0.0010,2.58,0.0000
1500,cam-2,2,800,1000,80.00,18.33,0.0010,1.66,0.0000
1500,soil-sensor-node,2,400,512,78.13,13.41,0.0010,1.55,0.0000
1500,signal-monitor,2,600,1024,58.59,17.29,0.0010,0.54,0.0000
1500,irrigation-controller,2,300,2048,14.65,9.74,0.0010,0.16,0.0000
1500,cloud,4,2000,40000,5.00,19.84,0.0010,99.68,0.0000
1500,fog-0,4,3500,4000,87.50,54.15,0.0010,2.27,0.0000
1500,cam-1,2,800,1000,80.00,27.09,0.0010,1.44,0.0000
1500,cam-2,2,800,1000,80.00,27.48,0.0010,1.54,0.0000
1500,soil-sensor-node,2,400,512,78.13,8.92,0.0010,1.88,0.0000
1500,signal-monitor,2,600,1024,58.59,9.13,0.0010,0.92,0.0000
1500,irrigation-controller,2,300,2048,14.65,8.00,0.0010,0.74,0.0000
1500,cloud,4,2000,40000,5.00,28.57,0.0010,99.23,0.0000
1500,fog-0,4,3500,4000,87.50,53.94,0.0010,1.51,0.0000
1500,cam-1,2,800,1000,80.00,22.95,0.0010,2.55,0.0000
1500,cam-2,2,800,1000,80.00,18.63,0.0010,3.15,0.0000
1500,soil-sensor-node,2,400,512,78.13,6.99,0.0010,1.37,0.0000
1500,signal-monitor,2,600,1024,58.59,20.92,0.0010,1.58,0.0000
1500,irrigation-controller,2,300,2048,14.65,13.76,0.0010,0.10,0.0000
1500,cloud,4,2000,40000,5.00,16.84,0.0010,100.81,0.0000
1500,fog-0,4,3500,4000,87.50,46.59,0.0010,2.29,0.0000
1500,cam-1,2,800,1000,80.00,24.39,0.0010,1.24,0.0000
1500,cam-2,2,800,1000,80.00,28.82,0.0010,3.51,0.0000
1500,soil-sensor-node,2,400,512,78.13,17.48,0.0010,1.34,0.0000
1500,signal-monitor,2,600,1024,58.59,14.77,0.0010,1.41,0.0000
1500,irrigation-controller,2,300,2048,14.65,14.92,0.0010,1.57,0.0000
1500,cloud,4,2000,40000,5.00,29.30,0.0010,99.95,0.0000
1500,fog-0,4,3500,4000,87.50,54.67,0.0010,2.28,0.0000
1500,cam-1,2,800,1000,80.00,18.12,0.0010,2.32,0.0000
1500,cam-2,2,800,1000,80.00,10.93,0.0010,1.86,0.0000
1500,soil-sensor-node,2,400,512,78.13,8.46,0.0010,1.75,0.0000
1500,signal-monitor,2,600,1024,58.59,18.33,0.0010,0.46,0.0000
1500,irrigation-controller,2,300,2048,14.65,17.38,0.0010,1.11,0.0000
1500,cloud,4,2000,40000,5.00,32.15,0.0010,101.39,0.0000
1500,fog-0,4,3500,4000,87.50,58.74,0.0010,1.70,0.0000
1500,cam-1,2,800,1000,80.00,15.79,0.0010,1.34,0.0000
1500,cam-2,2,800,1000,80.00,21.95,0.0010,2.24,0.0000
1500,soil-sensor-node,2,400,512,78.13,4.25,0.0010,1.96,0.0000
1500,signal-monitor,2,600,1024,58.59,15.37,0.0010,0.74,0.0000
1500,irrigation-controller,2,300,2048,14.65,16.13,0.0010,1.15,0.0000
1500,cloud,4,2000,40000,5.00,33.75,0.0010,99.04,0.0000
1500,fog-0,4,3500,4000,87.50,50.48,0.0010,1.12,0.0000
1500,cam-1,2,800,1000,80.00,25.87,0.0010,2.15,0.0000
1500,cam-2,2,800,1000,80.00,23.67,0.0010,2.85,0.0000
1500,soil-sensor-node,2,400,512,78.13,20.64,0.0010,1.18,0.0000
1500,signal-monitor,2,600,1024,58.59,16.90,0.0010,0.16,0.0000
1500,irrigation-controller,2,300,2048,14.65,15.92,0.0010,0.82,0.0000
1500,cloud,4,2000,40000,5.00,24.98,0.0010,100.06,0.0000
1500,fog-0,4,3500,4000,87.50,49.62,0.0010,1.43,0.0000
1500,cam-1,2,800,1000,80.00,23.85,0.0010,2.13,0.0000
1500,cam-2,2,800,1000,80.00,24.68,0.0010,2.60,0.0000
1500,soil-sensor-node,2,400,512,78.13,9.28,0.0010,1.95,0.0000
1500,signal-monitor,2,600,1024,58.59,22.54,0.0010,1.11,0.0000
1500,irrigation-controller,2,300,2048,14.65,12.78,0.0010,0.93,0.0000
1500,cloud,4,2000,40000,5.00,36.32,0.0010,99.70,0.0000
1500,fog-0,4,3500,4000,87.50,53.27,0.0010,1.43,0.0000
1500,cam-1,2,800,1000,80.00,20.68,0.0010,2.52,0.0000
1500,cam-2,2,800,1000,80.00,22.62,0.0010,2.42,0.0000
1500,soil-sensor-node,2,400,512,78.13,8.77,0.0010,1.92,0.0000
1500,signal-monitor,2,600,1024,58.59,59.32,0.0010,1.25,0.0000
1500,irrigation-controller,2,300,2048,14.65,7.61,0.0010,1.46,0.0000
1500,cloud,4,2000,40000,5.00,29.30,0.0010,99.81,0.0000
1500,fog-0,4,3500,4000,87.50,51.31,0.0010,2.36,0.0000
1500,cam-1,2,800,1000,80.00,17.45,0.0010,1.20,0.0000
1500,cam-2,2,800,1000,80.00,26.07,0.0010,2.02,0.0000
1500,soil-sensor-node,2,400,512,78.13,8.50,0.0010,0.46,0.0000
1500,signal-monitor,2,600,1024,58.59,13.59,0.0010,1.19,0.0000
1500,irrigation-controller,2,300,2048,14.65,11.57,0.0010,0.13,0.0000
1500,cloud,4,2000,40000,5.00,74.81,0.0010,100.06,0.0478
1500,fog-0,4,3500,4000,87.50,52.30,0.0010,2.16,0.0000
1500,cam-1,2,800,1000,80.00,29.96,0.0010,1.86,0.0000
1500,cam-2,2,800,1000,80.00,21.68,0.0010,2.19,0.0000
1500,soil-sensor-node,2,400,512,78.13,20.78,0.0010,1.34,0.0000
1500,signal-monitor,2,600,1024,58.59,15.39,0.0010,2.12,0.0000
1500,irrigation-controller,2,300,2048,14.65,14.16,0.0010,1.30,0.0000
1500,cloud,4,2000,40000,5.00,22.00,0.0010,99.93,0.0000
1500,fog-0,4,3500,4000,87.50,55.76,0.0010,2.08,0.0000
1500,cam-1,2,800,1000,80.00,20.86,0.0010,2.21,0.0000
1500,cam-2,2,800,1000,80.00,25.96,0.0010,1.86,0.0000
1500,soil-sensor-node,2,400,512,78.13,20.49,0.0010,0.75,0.0000
1500,signal-monitor,2,600,1024,58.59,22.87,0.0010,1.12,0.0000
1500,irrigation-controller,2,300,2048,14.65,54.56,0.0010,0.27,0.0000
1500,cloud,4,2000,40000,5.00,20.48,0.0010,100.69,0.0000
1500,fog-0,4,3500,4000,87.50,50.66,0.0010,3.40,0.0000
1500,cam-1,2,800,1000,80.00,2.33,0.0010,2.09,0.0000
1500,cam-2,2,800,1000,80.00,18.84,0.0010,1.94,0.0000
1500,soil-sensor-node,2,400,512,78.13,14.32,0.0010,1.18,0.0000
1500,signal-monitor,2,600,1024,58.59,17.07,0.0010,1.66,0.0000
1500,irrigation-controller,2,300,2048,14.65,5.35,0.0010,1.44,0.0000
1500,cloud,4,2000,40000,5.00,25.78,0.0010,99.84,0.0000
1500,fog-0,4,3500,4000,87.50,50.29,0.0010,2.54,0.0000
1500,cam-1,2,800,1000,80.00,23.49,0.0010,2.48,0.0000
1500,cam-2,2,800,1000,80.00,31.73,0.0010,1.64,0.0000
1500,soil-sensor-node,2,400,512,78.13,15.24,0.0010,0.65,0.0000
1500,signal-monitor,2,600,1024,58.59,68.11,0.0010,1.22,0.0000
1500,irrigation-controller,2,300,2048,14.65,1.52,0.0010,0.10,0.0000
1500,cloud,4,2000,40000,5.00,32.23,0.0010,100.33,0.0000
1500,fog-0,4,3500,4000,87.50,60.18,0.0010,2.23,0.0000
1500,cam-1,2,800,1000,80.00,27.86,0.0010,2.26,0.0000
1500,cam-2,2,800,1000,80.00,29.21,0.0010,1.91,0.0000
1500,soil-sensor-node,2,400,512,78.13,11.21,0.0010,2.00,0.0000
1500,signal-monitor,2,600,1024,58.59,4.70,0.0010,1.51,0.0000
1500,irrigation-controller,2,300,2048,14.65,15.81,0.0010,0.97,0.0000
1510,cloud,4,2000,40000,5.00,24.76,0.0010,100.42,0.0000
1510,fog-0,4,3500,4000,87.50,54.69,0.0010,2.44,0.0000
1510,cam-1,2,800,1000,80.00,21.93,0.0010,2.13,0.0000
1510,cam-2,2,800,1000,80.00,20.07,0.0010,2.33,0.0000
1510,soil-sensor-node,2,400,512,78.13,16.22,0.0010,2.52,0.0000
1510,signal-monitor,2,600,1024,58.59,23.75,0.0010,0.42,0.0000
1510,irrigation-controller,2,300,2048,14.65,25.33,0.0010,0.59,0.0000
1600,cloud,4,2000,40000,5.00,28.55,0.0010,100.36,0.0000
1600,fog-0,4,3500,4000,87.50,98.00,0.0010,2.36,0.1000
1600,cam-1,2,800,1000,80.00,27.82,0.0010,2.44,0.0000
1600,cam-2,2,800,1000,80.00,27.01,0.0010,1.97,0.0000
1600,soil-sensor-node,2,400,512,78.13,19.49,0.0010,1.44,0.0000
1600,signal-monitor,2,600,1024,58.59,25.35,0.0010,1.30,0.0000
1600,irrigation-controller,2,300,2048,14.65,8.74,0.0010,0.85,0.0000
1600,cloud,4,2000,40000,5.00,24.70,0.0010,101.04,0.0000
1600,fog-0,4,3500,4000,87.50,46.31,0.0010,2.16,0.0000
1600,cam-1,2,800,1000,80.00,20.40,0.0010,1.66,0.0000
1600,cam-2,2,800,1000,80.00,16.57,0.0010,2.31,0.0000
1600,soil-sensor-node,2,400,512,78.13,3.84,0.0010,2.33,0.0000
1600,signal-monitor,2,600,1024,58.59,12.54,0.0010,0.98,0.0000
1600,irrigation-controller,2,300,2048,14.65,7.93,0.0010,0.16,0.0000
1600,cloud,4,2000,40000,5.00,22.75,0.0010,100.39,0.0000
1600,fog-0,4,3500,4000,87.50,51.42,0.0010,1.34,0.0000
1600,cam-1,2,800,1000,80.00,19.53,0.0010,2.26,0.0000
1600,cam-2,2,800,1000,80.00,24.13,0.0010,1.56,0.0000
1600,soil-sensor-node,2,400,512,78.13,12.74,0.0010,1.05,0.0000
1600,signal-monitor,2,600,1024,58.59,21.05,0.0010,2.39,0.0000
1600,irrigation-controller,2,300,2048,14.65,14.21,0.0010,1.02,0.0000
1600,cloud,4,2000,40000,5.00,19.88,0.0010,99.76,0.0000
1600,fog-0,4,3500,4000,87.50,56.34,0.0010,2.00,0.0000
1600,cam-1,2,800,1000,80.00,19.99,0.0010,1.57,0.0000
1600,cam-2,2,800,1000,80.00,17.84,0.0010,2.90,0.0000
1600,soil-sensor-node,2,400,512,78.13,11.80,0.0010,1.94,0.0000
1600,signal-monitor,2,600,1024,58.59,17.88,0.0010,1.17,0.0000
1600,irrigation-controller,2,300,2048,14.65,7.02,0.0010,1.32,0.0000
1600,cloud,4,2000,40000,5.00,18.20,0.0010,99.14,0.0000
1600,fog-0,4,3500,4000,87.50,44.59,0.0010,1.40,0.0000
1600,cam-1,2,800,1000,80.00,24.96,0.0010,1.62,0.0000
1600,cam-2,2,800,1000,80.00,22.29,0.0010,1.38,0.0000
1600,soil-sensor-node,2,400,512,78.13,14.60,0.0010,0.81,0.0000
1600,signal-monitor,2,600,1024,58.59,13.55,0.0010,0.28,0.0000
1600,irrigation-controller,2,300,2048,14.65,8.22,0.0010,0.64,0.0000
1600,cloud,4,2000,40000,5.00,32.36,0.0010,101.15,0.0000
1600,fog-0,4,3500,4000,87.50,48.77,0.0010,1.86,0.0000
1600,cam-1,2,800,1000,80.00,22.81,0.0010,2.24,0.0000
1600,cam-2,2,800,1000,80.00,29.74,0.0010,2.34,0.0000
1600,soil-sensor-node,2,400,512,78.13,12.87,0.0010,1.06,0.0000
1600,signal-monitor,2,600,1024,58.59,24.66,0.0010,1.19,0.0000
1600,irrigation-controller,2,300,2048,14.65,6.48,0.0010,2.17,0.0000
1600,cloud,4,2000,40000,5.00,28.41,0.0010,99.46,0.0000
1600,fog-0,4,3500,4000,87.50,48.83,0.0010,1.95,0.0000
1600,cam-1,2,800,1000,80.00,24.94,0.0010,1.22,0.0000
1600,cam-2,2,800,1000,80.00,24.17,0.0010,1.60,0.0000
1600,soil-sensor-node,2,400,512,78.13,8.93,0.0010,1.83,0.0000
1600,signal-monitor,2,600,1024,58.59,24.65,0.0010,0.90,0.0000
1600,irrigation-controller,2,300,2048,14.65,10.07,0.0010,1.51,0.0000
1600,cloud,4,2000,40000,5.00,25.61,0.0010,100.10,0.0000
1600,fog-0,4,3500,4000,87.50,52.23,0.0010,2.85,0.0000
1600,cam-1,2,800,1000,80.00,20.41,0.0010,2.47,0.0000
1600,cam-2,2,800,1000,80.00,20.36,0.0010,2.47,0.0000
1600,soil-sensor-node,2,400,512,78.13,6.85,0.0010,1.81,0.0000
1600,signal-monitor,2,600,1024,58.59,31.29,0.0010,0.10,0.0000
1600,irrigation-controller,2,300,2048,14.65,19.12,0.0010,1.66,0.0000
1600,cloud,4,2000,40000,5.00,23.08,0.0010,99.41,0.0000
1600,fog-0,4,3500,4000,87.50,50.02,0.0010,2.43,0.0000
1600,cam-1,2,800,1000,80.00,24.77,0.0010,2.39,0.0000
1600,cam-2,2,800,1000,80.00,36.08,0.0010,1.69,0.0000
1600,soil-sensor-node,2,400,512,78.13,18.78,0.0010,1.15,0.0000
1600,signal-monitor,2,600,1024,58.59,16.49,0.0010,1.90,0.0000
1600,irrigation-controller,2,300,2048,14.65,12.57,0.0010,1.17,0.0000
1600,cloud,4,2000,40000,5.00,25.57,0.0010,99.99,0.0000
1600,fog-0,4,3500,4000,87.50,47.77,0.0010,1.91,0.0000
1600,cam-1,2,800,1000,80.00,21.97,0.0010,1.41,0.0000
1600,cam-2,2,800,1000,80.00,19.64,0.0010,1.52,0.0000
1600,soil-sensor-node,2,400,512,78.13,0.60,0.0010,1.36,0.0000
1600,signal-monitor,2,600,1024,58.59,26.37,0.0010,0.70,0.0000
1600,irrigation-controller,2,300,2048,14.65,8.61,0.0010,1.34,0.0000
1600,cloud,4,2000,40000,5.00,17.50,0.0010,99.99,0.0000
1600,fog-0,4,3500,4000,87.50,59.54,0.0010,2.41,0.0000
1600,cam-1,2,800,1000,80.00,16.63,0.0010,2.05,0.0000
1600,cam-2,2,800,1000,80.00,31.41,0.0010,1.72,0.0000
1600,soil-sensor-node,2,400,512,78.13,11.55,0.0010,1.71,0.0000
1600,signal-monitor,2,600,1024,58.59,23.93,0.0010,1.43,0.0000
1600,irrigation-controller,2,300,2048,14.65,6.03,0.0010,2.13,0.0000
1600,cloud,4,2000,40000,5.00,23.55,0.0010,99.02,0.0000
1600,fog-0,4,3500,4000,87.50,56.21,0.0010,1.77,0.0000
1600,cam-1,2,800,1000,80.00,17.74,0.0010,1.50,0.0000
1600,cam-2,2,800,1000,80.00,20.80,0.0010,1.74,0.0000
1600,soil-sensor-node,2,400,512,78.13,6.93,0.0010,2.42,0.0000
1600,signal-monitor,2,600,1024,58.59,17.99,0.0010,0.91,0.0000
1600,irrigation-controller,2,300,2048,14.65,9.17,0.0010,1.37,0.0000
1600,cloud,4,2000,40000,5.00,27.62,0.0010,100.92,0.0000
1600,fog-0,4,3500,4000,87.50,61.61,0.0010,3.03,0.0000
1600,cam-1,2,800,1000,80.00,21.29,0.0010,1.56,0.0000
1600,cam-2,2,800,1000,80.00,28.70,0.0010,1.59,0.0000
1600,soil-sensor-node,2,400,512,78.13,14.41,0.0010,1.80,0.0000
1600,signal-monitor,2,600,1024,58.59,25.86,0.0010,0.93,0.0000
1600,irrigation-controller,2,300,2048,14.65,10.17,0.0010,1.54,0.0000
1600,cloud,4,2000,40000,5.00,19.88,0.0010,99.68,0.0000
1600,fog-0,4,3500,4000,87.50,59.70,0.0010,2.36,0.0000
1600,cam-1,2,800,1000,80.00,22.79,0.0010,2.24,0.0000
1600,cam-2,2,800,1000,80.00,32.04,0.0010,1.91,0.0000
1600,soil-sensor-node,2,400,512,78.13,18.18,0.0010,1.55,0.0000
1600,signal-monitor,2,600,1024,58.59,26.70,0.0010,2.18,0.0000
1600,irrigation-controller,2,300,2048,14.65,4.10,0.0010,0.76,0.0000
1600,cloud,4,2000,40000,5.00,29.26,0.0010,99.90,0.0000
1600,fog-0,4,3500,4000,87.50,59.37,0.0010,2.27,0.0000
1600,cam-1,2,800,1000,80.00,35.74,0.0010,2.13,0.0000
1600,cam-2,2,800,1000,80.00,18.74,0.0010,2.13,0.0000
1600,soil-sensor-node,2,400,512,78.13,4.14,0.0010,1.13,0.0000
1600,signal-monitor,2,600,1024,58.59,15.18,0.0010,1.37,0.0000
1600,irrigation-controller,2,300,2048,14.65,2.23,0.0010,0.10,0.0000
1600,cloud,4,2000,40000,5.00,28.00,0.0010,100.02,0.0000
1600,fog-0,4,3500,4000,87.50,60.20,0.0010,1.49,0.0000
1600,cam-1,2,800,1000,80.00,25.04,0.0010,2.29,0.0000
1600,cam-2,2,800,1000,80.00,21.75,0.0010,1.83,0.0000
1600,soil-sensor-node,2,400,512,78.13,12.43,0.0010,1.47,0.0000
1600,signal-monitor,2,600,1024,58.59,14.19,0.0010,0.26,0.0000
1600,irrigation-controller,2,300,2048,14.65,12.63,0.0010,0.90,0.0000
1610,cloud,4,2000,40000,5.00,32.29,0.0010,100.26,0.0000
1610,fog-0,4,3500,4000,87.50,51.88,0.0010,1.82,0.0000
1610,cam-1,2,800,1000,80.00,31.57,0.0010,2.67,0.0000
1610,cam-2,2,800,1000,80.00,17.82,0.0010,2.22,0.0000
1610,soil-sensor-node,2,400,512,78.13,15.13,0.0010,0.84,0.0000
1610,signal-monitor,2,600,1024,58.59,16.75,0.0010,0.88,0.0000
1610,irrigation-controller,2,300,2048,14.65,16.05,0.0010,1.26,0.0000
1700,cloud,4,2000,40000,5.00,22.04,0.0010,100.18,0.0000
1700,fog-0,4,3500,4000,87.50,48.08,0.0010,1.41,0.0000
1700,cam-1,2,800,1000,80.00,28.83,0.0010,2.73,0.0000
1700,cam-2,2,800,1000,80.00,22.46,0.0010,2.87,0.0000
1700,soil-sensor-node,2,400,512,78.13,12.38,0.0010,1.67,0.0000
1700,signal-monitor,2,600,1024,58.59,8.54,0.0010,1.25,0.0000
1700,irrigation-controller,2,300,2048,14.65,13.05,0.0010,1.08,0.0000
1700,cloud,4,2000,40000,5.00,20.15,0.0010,101.27,0.0000
1700,fog-0,4,3500,4000,87.50,55.14,0.0010,1.60,0.0000
1700,cam-1,2,800,1000,80.00,35.63,0.0010,2.01,0.0000
1700,cam-2,2,800,1000,80.00,29.24,0.0010,0.57,0.0000
1700,soil-sensor-node,2,400,512,78.13,2.82,0.0010,1.90,0.0000
1700,signal-monitor,2,600,1024,58.59,12.61,0.0010,0.10,0.0000
1700,irrigation-controller,2,300,2048,14.65,21.53,0.0010,0.89,0.0000
1700,cloud,4,2000,40000,5.00,25.03,0.0010,100.02,0.0000
1700,fog-0,4,3500,4000,87.50,46.86,0.0010,2.22,0.0000
1700,cam-1,2,800,1000,80.00,30.87,0.0010,1.78,0.0000
1700,cam-2,2,800,1000,80.00,20.16,0.0010,2.41,0.0000
1700,soil-sensor-node,2,400,512,78.13,6.07,0.0010,1.46,0.0000
1700,signal-monitor,2,600,1024,58.59,21.13,0.0010,1.18,0.0000
1700,irrigation-controller,2,300,2048,14.65,11.38,0.0010,1.08,0.0000
1700,cloud,4,2000,40000,5.00,31.71,0.0010,99.68,0.0000
1700,fog-0,4,3500,4000,87.50,51.67,0.0010,2.36,0.0000
1700,cam-1,2,800,1000,80.00,29.58,0.0010,2.27,0.0000
1700,cam-2,2,800,1000,80.00,23.94,0.0010,0.92,0.0000
1700,soil-sensor-node,2,400,512,78.13,1.89,0.0010,2.03,0.0000
1700,signal-monitor,2,600,1024,58.59,13.90,0.0010,1.07,0.0000
1700,irrigation-controller,2,300,2048,14.65,6.69,0.0010,0.79,0.0000
1700,cloud,4,2000,40000,5.00,32.24,0.0010,99.62,0.0000
1700,fog-0,4,3500,4000,87.50,56.95,0.0010,0.43,0.0000
1700,cam-1,2,800,1000,80.00,25.45,0.0010,1.34,0.0000
1700,cam-2,2,800,1000,80.00,29.23,0.0010,2.37,0.0000
1700,soil-sensor-node,2,400,512,78.13,14.34,0.0010,0.21,0.0000
1700,signal-monitor,2,600,1024,58.59,23.47,0.0010,0.74,0.0000
1700,irrigation-controller,2,300,2048,14.65,6.43,0.0010,1.31,0.0000
1700,cloud,4,2000,40000,5.00,31.00,0.0010,100.19,0.0000
1700,fog-0,4,3500,4000,87.50,48.31,0.0010,1.48,0.0000
1700,cam-1,2,800,1000,80.00,21.42,0.0010,1.15,0.0000
1700,cam-2,2,800,1000,80.00,29.26,0.0010,1.18,0.0000
1700,soil-sensor-node,2,400,512,78.13,13.06,0.0010,0.76,0.0000
1700,signal-monitor,2,600,1024,58.59,14.68,0.0010,0.69,0.0000
1700,irrigation-controller,2,300,2048,14.65,15.84,0.0010,0.69,0.0000
1700,cloud,4,2000,40000,5.00,23.31,0.0010,101.32,0.0000
1700,fog-0,4,3500,4000,87.50,53.06,0.0010,1.67,0.0000
1700,cam-1,2,800,1000,80.00,18.39,0.0010,2.14,0.0000
1700,cam-2,2,800,1000,80.00,26.71,0.0010,2.25,0.0000
1700,soil-sensor-node,2,400,512,78.13,10.93,0.0010,1.45,0.0000
1700,signal-monitor,2,600,1024,58.59,28.34,0.0010,0.72,0.0000
1700,irrigation-controller,2,300,2048,14.65,12.15,0.0010,0.34,0.0000
1700,cloud,4,2000,40000,5.00,31.73,0.0010,100.32,0.0000
1700,fog-0,4,3500,4000,87.50,54.68,0.0010,2.54,0.0000
1700,cam-1,2,800,1000,80.00,19.69,0.0010,1.88,0.0000
1700,cam-2,2,800,1000,80.00,22.74,0.0010,1.37,0.0000
1700,soil-sensor-node,2,400,512,78.13,10.11,0.0010,0.64,0.0000
1700,signal-monitor,2,600,1024,58.59,10.94,0.0010,1.64,0.0000
1700,irrigation-controller,2,300,2048,14.65,19.95,0.0010,0.49,0.0000
1700,cloud,4,2000,40000,5.00,26.56,0.0010,99.22,0.0000
1700,fog-0,4,3500,4000,87.50,55.01,0.0010,2.87,0.0000
1700,cam-1,2,800,1000,80.00,18.87,0.0010,2.98,0.0000
1700,cam-2,2,800,1000,80.00,18.46,0.0010,2.03,0.0000
1700,soil-sensor-node,2,400,512,78.13,13.48,0.0010,2.18,0.0000
1700,signal-monitor,2,600,1024,58.59,7.87,0.0010,1.10,0.0000
1700,irrigation-controller,2,300,2048,14.65,11.56,0.0010,1.20,0.0000
1700,cloud,4,2000,40000,5.00,28.12,0.0010,99.99,0.0000
1700,fog-0,4,3500,4000,87.50,43.23,0.0010,1.60,0.0000
1700,cam-1,2,800,1000,80.00,29.33,0.0010,1.88,0.0000
1700,cam-2,2,800,1000,80.00,27.50,0.0010,1.54,0.0000
1700,soil-sensor-node,2,400,512,78.13,4.46,0.0010,1.06,0.0000
1700,signal-monitor,2,600,1024,58.59,31.27,0.0010,1.31,0.0000
1700,irrigation-controller,2,300,2048,14.65,15.40,0.0010,1.84,0.0000
1700,cloud,4,2000,40000,5.00,26.42,0.0010,99.84,0.0000
1700,fog-0,4,3500,4000,87.50,51.80,0.0010,2.32,0.0000
1700,cam-1,2,800,1000,80.00,15.80,0.0010,2.30,0.0000
1700,cam-2,2,800,1000,80.00,27.03,0.0010,2.20,0.0000
1700,soil-sensor-node,2,400,512,78.13,7.15,0.0010,1.67,0.0000
1700,signal-monitor,2,600,1024,58.59,14.94,0.0010,1.14,0.0000
1700,irrigation-controller,2,300,2048,14.65,6.82,0.0010,0.51,0.0000
1700,cloud,4,2000,40000,5.00,28.10,0.0010,100.19,0.0000
1700,fog-0,4,3500,4000,87.50,52.07,0.0010,1.57,0.0000
1700,cam-1,2,800,1000,80.00,19.79,0.0010,2.03,0.0000
1700,cam-2,2,800,1000,80.00,17.50,0.0010,2.39,0.0000
1700,soil-sensor-node,2,400,512,78.13,11.61,0.0010,2.12,0.0000
1700,signal-monitor,2,600,1024,58.59,21.06,0.0010,1.23,0.0000
1700,irrigation-controller,2,300,2048,14.65,14.17,0.0010,2.00,0.0000
1700,cloud,4,2000,40000,5.00,27.61,0.0010,99.46,0.0000
1700,fog-0,4,3500,4000,87.50,45.62,0.0010,1.60,0.0000
1700,cam-1,2,800,1000,80.00,24.34,0.0010,1.90,0.0000
1700,cam-2,2,800,1000,80.00,23.04,0.0010,1.77,0.0000
1700,soil-sensor-node,2,400,512,78.13,5.72,0.0010,1.42,0.0000
1700,signal-monitor,2,600,1024,58.59,22.16,0.0010,1.66,0.0000
1700,irrigation-controller,2,300,2048,14.65,18.17,0.0010,0.78,0.0000
1700,cloud,4,2000,40000,5.00,26.89,0.0010,101.07,0.0000
1700,fog-0,4,3500,4000,87.50,49.43,0.0010,1.11,0.0000
1700,cam-1,2,800,1000,80.00,27.66,0.0010,2.31,0.0000
1700,cam-2,2,800,1000,80.00,19.29,0.0010,2.80,0.0000
1700,soil-sensor-node,2,400,512,78.13,14.03,0.0010,0.71,0.0000
1700,signal-monitor,2,600,1024,58.59,8.46,0.0010,1.75,0.0000
1700,irrigation-controller,2,300,2048,14.65,6.96,0.0010,0.99,0.0000
1700,cloud,4,2000,40000,5.00,23.83,0.0010,100.06,0.0000
1700,fog-0,4,3500,4000,87.50,56.76,0.0010,2.09,0.0000
1700,cam-1,2,800,1000,80.00,14.25,0.0010,1.65,0.0000
1700,cam-2,2,800,1000,80.00,25.28,0.0010,1.67,0.0000
1700,soil-sensor-node,2,400,512,78.13,8.89,0.0010,1.48,0.0000
1700,signal-monitor,2,600,1024,58.59,19.17,0.0010,0.55,0.0000
1700,irrigation-controller,2,300,2048,14.65,7.02,0.0010,0.64,0.0000
1700,cloud,4,2000,40000,5.00,18.61,0.0010,100.26,0.0000
1700,fog-0,4,3500,4000,87.50,43.67,0.0010,2.04,0.0000
1700,cam-1,2,800,1000,80.00,27.89,0.0010,2.23,0.0000
1700,cam-2,2,800,1000,80.00,26.14,0.0010,2.35,0.0000
1700,soil-sensor-node,2,400,512,78.13,0.53,0.0010,1.60,0.0000
1700,signal-monitor,2,600,1024,58.59,22.86,0.0010,0.65,0.0000
1700,irrigation-controller,2,300,2048,14.65,11.60,0.0010,0.82,0.0000
1700,cloud,4,2000,40000,5.00,31.27,0.0010,99.56,0.0000
1700,fog-0,4,3500,4000,87.50,52.99,0.0010,2.45,0.0000
1700,cam-1,2,800,1000,80.00,30.03,0.0010,2.23,0.0000
1700,cam-2,2,800,1000,80.00,21.34,0.0010,1.75,0.0000
1700,soil-sensor-node,2,400,512,78.13,8.62,0.0010,1.66,0.0000
1700,signal-monitor,2,600,1024,58.59,16.27,0.0010,0.88,0.0000
1700,irrigation-controller,2,300,2048,14.65,2.40,0.0010,0.88,0.0000
1710,cloud,4,2000,40000,5.00,29.24,0.0010,99.82,0.0000
1710,fog-0,4,3500,4000,87.50,59.13,0.0010,2.44,0.0000
1710,cam-1,2,800,1000,80.00,26.09,0.0010,1.78,0.0000
1710,cam-2,2,800,1000,80.00,2.14,0.0010,1.80,0.0000
1710,soil-sensor-node,2,400,512,78.13,11.75,0.0010,2.06,0.0000
1710,signal-monitor,2,600,1024,58.59,18.50,0.0010,0.47,0.0000
1710,irrigation-controller,2,300,2048,14.65,15.34,0.0010,0.71,0.0000
1800,cloud,4,2000,40000,5.00,29.45,0.0010,99.72,0.0000
1800,fog-0,4,3500,4000,87.50,51.01,0.0010,1.17,0.0000
1800,cam-1,2,800,1000,80.00,34.11,0.0010,2.38,0.0000
1800,cam-2,2,800,1000,80.00,12.83,0.0010,1.22,0.0000
1800,soil-sensor-node,2,400,512,78.13,4.12,0.0010,1.93,0.0000
1800,signal-monitor,2,600,1024,58.59,24.82,0.0010,0.79,0.0000
1800,irrigation-controller,2,300,2048,14.65,7.24,0.0010,0.80,0.0000
1800,cloud,4,2000,40000,5.00,26.19,0.0010,101.11,0.0000
1800,fog-0,4,3500,4000,87.50,56.93,0.0010,1.72,0.0000
1800,cam-1,2,800,1000,80.00,26.56,0.0010,2.53,0.0000
1800,cam-2,2,800,1000,80.00,19.50,0.0010,1.85,0.0000
1800,soil-sensor-node,2,400,512,78.13,16.17,0.0010,1.25,0.0000
1800,signal-monitor,2,600,1024,58.59,22.84,0.0010,0.72,0.0000
1800,irrigation-controller,2,300,2048,14.65,10.35,0.0010,0.10,0.0000
1800,cloud,4,2000,40000,5.00,32.79,0.0010,100.61,0.0000
1800,fog-0,4,3500,4000,87.50,52.50,0.0010,1.43,0.0000
1800,cam-1,2,800,1000,80.00,6.47,0.0010,2.55,0.0000
1800,cam-2,2,800,1000,80.00,33.25,0.0010,1.88,0.0000
1800,soil-sensor-node,2,400,512,78.13,16.85,0.0010,2.19,0.0000
1800,signal-monitor,2,600,1024,58.59,14.34,0.0010,0.61,0.0000
1800,irrigation-controller,2,300,2048,14.65,6.94,0.0010,1.33,0.0000
1800,cloud,4,2000,40000,5.00,24.68,0.0010,99.23,0.0000
1800,fog-0,4,3500,4000,87.50,53.41,0.0010,1.00,0.0000
1800,cam-1,2,800,1000,80.00,17.54,0.0010,1.82,0.0000
1800,cam-2,2,800,1000,80.00,67.92,0.0010,1.64,0.0000
1800,soil-sensor-node,2,400,512,78.13,4.54,0.0010,1.62,0.0000
1800,signal-monitor,2,600,1024,58.59,16.38,0.0010,0.88,0.0000
1800,irrigation-controller,2,300,2048,14.65,16.20,0.0010,0.81,0.0000
1800,cloud,4,2000,40000,5.00,19.35,0.0010,99.45,0.0000
1800,fog-0,4,3500,4000,87.50,97.27,0.0010,1.49,0.1000
1800,cam-1,2,800,1000,80.00,28.47,0.0010,1.20,0.0000
1800,cam-2,2,800,1000,80.00,18.20,0.0010,1.79,0.0000
1800,soil-sensor-node,2,400,512,78.13,8.87,0.0010,1.59,0.0000
1800,signal-monitor,2,600,1024,58.59,21.95,0.0010,0.86,0.0000
1800,irrigation-controller,2,300,2048,14.65,2.18,0.0010,0.51,0.0000
1800,cloud,4,2000,40000,5.00,18.42,0.0010,100.06,0.0000
1800,fog-0,4,3500,4000,87.50,45.66,0.0010,2.51,0.0000
1800,cam-1,2,800,1000,80.00,25.17,0.0010,2.51,0.0000
1800,cam-2,2,800,1000,80.00,27.45,0.0010,1.45,0.0000
1800,soil-sensor-node,2,400,512,78.13,14.64,0.0010,0.47,0.0000
1800,signal-monitor,2,600,1024,58.59,20.70,0.0010,0.72,0.0000
1800,irrigation-controller,2,300,2048,14.65,16.30,0.0010,1.44,0.0000
1800,cloud,4,2000,40000,5.00,14.32,0.0010,100.18,0.0000
1800,fog-0,4,3500,4000,87.50,57.97,0.0010,3.04,0.0000
1800,cam-1,2,800,1000,80.00,22.26,0.0010,3.97,0.0000
1800,cam-2,2,800,1000,80.00,25.40,0.0010,2.67,0.0000
1800,soil-sensor-node,2,400,512,78.13,6.79,0.0010,1.92,0.0000
1800,signal-monitor,2,600,1024,58.59,29.02,0.0010,1.54,0.0000
1800,irrigation-controller,2,300,2048,14.65,10.39,0.0010,1.09,0.0000
1800,cloud,4,2000,40000,5.00,34.57,0.0010,100.49,0.0000
1800,fog-0,4,3500,4000,87.50,59.71,0.0010,3.46,0.0000
1800,cam-1,2,800,1000,80.00,36.88,0.0010,1.90,0.0000
1800,cam-2,2,800,1000,80.00,25.34,0.0010,2.18,0.0000
1800,soil-sensor-node,2,400,512,78.13,10.45,0.0010,1.57,0.0000
1800,signal-monitor,2,600,1024,58.59,23.91,0.0010,0.88,0.0000
1800,irrigation-controller,2,300,2048,14.65,12.97,0.0010,0.23,0.0000
1800,cloud,4,2000,40000,5.00,20.81,0.0010,100.51,0.0000
1800,fog-0,4,3500,4000,87.50,54.44,0.0010,2.16,0.0000
1800,cam-1,2,800,1000,80.00,30.26,0.0010,2.00,0.0000
1800,cam-2,2,800,1000,80.00,3.14,0.0010,2.01,0.0000
1800,soil-sensor-node,2,400,512,78.13,16.26,0.0010,1.86,0.0000
1800,signal-monitor,2,600,1024,58.59,25.46,0.0010,2.08,0.0000
1800,irrigation-controller,2,300,2048,14.65,42.38,0.0010,0.66,0.0000
1800,cloud,4,2000,40000,5.00,30.31,0.0010,99.91,0.0000
1800,fog-0,4,3500,4000,87.50,56.92,0.0010,1.26,0.0000
1800,cam-1,2,800,1000,80.00,31.40,0.0010,1.58,0.0000
1800,cam-2,2,800,1000,80.00,21.06,0.0010,1.87,0.0000
1800,soil-sensor-node,2,400,512,78.13,7.33,0.0010,1.86,0.0000
1800,signal-monitor,2,600,1024,58.59,14.63,0.0010,1.11,0.0000
1800,irrigation-controller,2,300,2048,14.65,19.01,0.0010,1.40,0.0000
1800,cloud,4,2000,40000,5.00,28.55,0.0010,99.29,0.0000
1800,fog-0,4,3500,4000,87.50,53.78,0.0010,2.07,0.0000
1800,cam-1,2,800,1000,80.00,28.96,0.0010,2.35,0.0000
1800,cam-2,2,800,1000,80.00,29.09,0.0010,2.07,0.0000
1800,soil-sensor-node,2,400,512,78.13,9.88,0.0010,1.41,0.0000
1800,signal-monitor,2,600,1024,58.59,14.70,0.0010,1.12,0.0000
1800,irrigation-controller,2,300,2048,14.65,19.69,0.0010,1.51,0.0000
1800,cloud,4,2000,40000,5.00,16.77,0.0010,100.53,0.0000
1800,fog-0,4,3500,4000,87.50,49.54,0.0010,1.70,0.0000
1800,cam-1,2,800,1000,80.00,21.71,0.0010,1.87,0.0000
1800,cam-2,2,800,1000,80.00,29.53,0.0010,2.65,0.0000
1800,soil-sensor-node,2,400,512,78.13,19.82,0.0010,1.40,0.0000
1800,signal-monitor,2,600,1024,58.59,19.58,0.0010,1.28,0.0000
1800,irrigation-controller,2,300,2048,14.65,12.86,0.0010,0.35,0.0000
1800,cloud,4,2000,40000,5.00,20.07,0.0010,100.26,0.0000
1800,fog-0,4,3500,4000,87.50,61.15,0.0010,3.03,0.0000
1800,cam-1,2,800,1000,80.00,30.29,0.0010,1.94,0.0000
1800,cam-2,2,800,1000,80.00,25.13,0.0010,1.81,0.0000
1800,soil-sensor-node,2,400,512,78.13,11.36,0.0010,1.50,0.0000
1800,signal-monitor,2,600,1024,58.59,13.98,0.0010,2.25,0.0000
1800,irrigation-controller,2,300,2048,14.65,13.57,0.0010,1.01,0.0000
1800,cloud,4,2000,40000,5.00,27.16,0.0010,100.08,0.0000
1800,fog-0,4,3500,4000,87.50,64.71,0.0010,2.33,0.0000
1800,cam-1,2,800,1000,80.00,30.05,0.0010,2.38,0.0000
1800,cam-2,2,800,1000,80.00,21.40,0.0010,1.89,0.0000
1800,soil-sensor-node,2,400,512,78.13,16.31,0.0010,1.90,0.0000
1800,signal-monitor,2,600,1024,58.59,19.72,0.0010,1.18,0.0000
1800,irrigation-controller,2,300,2048,14.65,15.08,0.0010,1.23,0.0000
1800,cloud,4,2000,40000,5.00,1.88,0.0010,99.85,0.0000
1800,fog-0,4,3500,4000,87.50,55.95,0.0010,2.10,0.0000
1800,cam-1,2,800,1000,80.00,24.72,0.0010,2.71,0.0000
1800,cam-2,2,800,1000,80.00,32.65,0.0010,0.99,0.0000
1800,soil-sensor-node,2,400,512,78.13,13.25,0.0010,1.15,0.0000
1800,signal-monitor,2,600,1024,58.59,16.68,0.0010,0.79,0.0000
1800,irrigation-controller,2,300,2048,14.65,27.70,0.0010,0.10,0.0000
1800,cloud,4,2000,40000,5.00,25.92,0.0010,100.43,0.0000
1800,fog-0,4,3500,4000,87.50,52.17,0.0010,1.42,0.0000
1800,cam-1,2,800,1000,80.00,31.75,0.0010,1.51,0.0000
1800,cam-2,2,800,1000,80.00,24.71,0.0010,2.60,0.0000
1800,soil-sensor-node,2,400,512,78.13,9.12,0.0010,1.85,0.0000
1800,signal-monitor,2,600,1024,58.59,18.11,0.0010,1.66,0.0000
1800,irrigation-controller,2,300,2048,14.65,13.27,0.0010,1.10,0.0000
1800,cloud,4,2000,40000,5.00,28.14,0.0010,99.50,0.0000
1800,fog-0,4,3500,4000,87.50,60.13,0.0010,2.45,0.0000
1800,cam-1,2,800,1000,80.00,27.30,0.0010,2.03,0.0000
1800,cam-2,2,800,1000,80.00,29.10,0.0010,1.59,0.0000
1800,soil-sensor-node,2,400,512,78.13,6.18,0.0010,1.32,0.0000
1800,signal-monitor,2,600,1024,58.59,2.00,0.0010,1.29,0.0000
1800,irrigation-controller,2,300,2048,14.65,11.66,0.0010,1.62,0.0000
1800,cloud,4,2000,40000,5.00,22.97,0.0010,100.93,0.0000
1800,fog-0,4,3500,4000,87.50,51.88,0.0010,1.42,0.0000
1800,cam-1,2,800,1000,80.00,22.75,0.0010,1.77,0.0000
1800,cam-2,2,800,1000,80.00,26.23,0.0010,2.61,0.0000
1800,soil-sensor-node,2,400,512,78.13,5.97,0.0010,1.70,0.0000
1800,signal-monitor,2,600,1024,58.59,16.48,0.0010,0.94,0.0000
1800,irrigation-controller,2,300,2048,14.65,4.57,0.0010,1.10,0.0000
1810,cloud,4,2000,40000,5.00,33.03,0.0010,99.28,0.0000
1810,fog-0,4,3500,4000,87.50,47.03,0.0010,3.21,0.0000
1810,cam-1,2,800,1000,80.00,20.93,0.0010,1.82,0.0000
1810,cam-2,2,800,1000,80.00,33.36,0.0010,1.39,0.0000
1810,soil-sensor-node,2,400,512,78.13,17.75,0.0010,0.84,0.0000
1810,signal-monitor,2,600,1024,58.59,18.86,0.0010,0.80,0.0000
1810,irrigation-controller,2,300,2048,14.65,15.87,0.0010,2.30,0.0000
1900,cloud,4,2000,40000,5.00,27.35,0.0010,100.05,0.0000
1900,fog-0,4,3500,4000,87.50,60.38,0.0010,3.59,0.0000
1900,cam-1,2,800,1000,80.00,31.22,0.0010,1.94,0.0000
1900,cam-2,2,800,1000,80.00,30.99,0.0010,0.79,0.0000
1900,soil-sensor-node,2,400,512,78.13,18.11,0.0010,1.21,0.0000
1900,signal-monitor,2,600,1024,58.59,25.71,0.0010,1.24,0.0000
1900,irrigation-controller,2,300,2048,14.65,14.94,0.0010,0.88,0.0000
1900,cloud,4,2000,40000,5.00,22.53,0.0010,99.66,0.0000
1900,fog-0,4,3500,4000,87.50,54.28,0.0010,1.50,0.0000
1900,cam-1,2,800,1000,80.00,26.18,0.0010,1.79,0.0000
1900,cam-2,2,800,1000,80.00,18.65,0.0010,1.63,0.0000
1900,soil-sensor-node,2,400,512,78.13,4.63,0.0010,0.93,0.0000
1900,signal-monitor,2,600,1024,58.59,9.80,0.0010,1.00,0.0000
1900,irrigation-controller,2,300,2048,14.65,7.57,0.0010,0.78,0.0000
1900,cloud,4,2000,40000,5.00,21.99,0.0010,100.25,0.0000
1900,fog-0,4,3500,4000,87.50,63.46,0.0010,0.60,0.0000
1900,cam-1,2,800,1000,80.00,34.58,0.0010,1.73,0.0000
1900,cam-2,2,800,1000,80.00,22.84,0.0010,1.58,0.0000
1900,soil-sensor-node,2,400,512,78.13,8.45,0.0010,1.93,0.0000
1900,signal-monitor,2,600,1024,58.59,17.71,0.0010,0.93,0.0000
1900,irrigation-controller,2,300,2048,14.65,12.13,0.0010,1.36,0.0000
1900,cloud,4,2000,40000,5.00,23.83,0.0010,99.20,0.0000
1900,fog-0,4,3500,4000,87.50,56.84,0.0010,1.90,0.0000
1900,cam-1,2,800,1000,80.00,19.19,0.0010,2.79,0.0000
1900,cam-2,2,800,1000,80.00,24.82,0.0010,1.61,0.0000
1900,soil-sensor-node,2,400,512,78.13,11.43,0.0010,0.83,0.0000
1900,signal-monitor,2,600,1024,58.59,18.68,0.0010,2.06,0.0000
1900,irrigation-controller,2,300,2048,14.65,8.97,0.0010,0.10,0.0000
1900,cloud,4,2000,40000,5.00,30.58,0.0010,99.70,0.0000
1900,fog-0,4,3500,4000,87.50,58.54,0.0010,1.75,0.0000
1900,cam-1,2,800,1000,80.00,24.45,0.0010,1.69,0.0000
1900,cam-2,2,800,1000,80.00,30.72,0.0010,1.91,0.0000
1900,soil-sensor-node,2,400,512,78.13,17.26,0.0010,0.74,0.0000
1900,signal-monitor,2,600,1024,58.59,32.19,0.0010,0.64,0.0000
1900,irrigation-controller,2,300,2048,14.65,12.05,0.0010,1.14,0.0000
1900,cloud,4,2000,40000,5.00,38.16,0.0010,99.53,0.0000
1900,fog-0,4,3500,4000,87.50,53.68,0.0010,1.44,0.0000
1900,cam-1,2,800,1000,80.00,22.15,0.0010,1.72,0.0000
1900,cam-2,2,800,1000,80.00,31.78,0.0010,2.76,0.0000
1900,soil-sensor-node,2,400,512,78.13,1.13,0.0010,1.86,0.0000
1900,signal-monitor,2,600,1024,58.59,18.08,0.0010,1.36,0.0000
1900,irrigation-controller,2,300,2048,14.65,17.02,0.0010,0.85,0.0000
1900,cloud,4,2000,40000,5.00,30.67,0.0010,99.01,0.0000
1900,fog-0,4,3500,4000,87.50,52.71,0.0010,1.81,0.0000
1900,cam-1,2,800,1000,80.00,24.77,0.0010,2.77,0.0000
1900,cam-2,2,800,1000,80.00,31.29,0.0010,1.69,0.0000
1900,soil-sensor-node,2,400,512,78.13,9.58,0.0010,0.66,0.0000
1900,signal-monitor,2,600,1024,58.59,6.07,0.0010,0.83,0.0000
1900,irrigation-controller,2,300,2048,14.65,10.48,0.0010,1.33,0.0000
1900,cloud,4,2000,40000,5.00,31.54,0.0010,100.98,0.0000
1900,fog-0,4,3500,4000,87.50,56.09,0.0010,2.13,0.0000
1900,cam-1,2,800,1000,80.00,23.42,0.0010,2.39,0.0000
1900,cam-2,2,800,1000,80.00,26.60,0.0010,1.63,0.0000
1900,soil-sensor-node,2,400,512,78.13,2.32,0.0010,1.35,0.0000
1900,signal-monitor,2,600,1024,58.59,24.57,0.0010,0.77,0.0000
1900,irrigation-controller,2,300,2048,14.65,12.12,0.0010,1.49,0.0000
1900,cloud,4,2000,40000,5.00,17.72,0.0010,98.98,0.0000
1900,fog-0,4,3500,4000,87.50,60.64,0.0010,1.88,0.0000
1900,cam-1,2,800,1000,80.00,23.75,0.0010,2.06,0.0000
1900,cam-2,2,800,1000,80.00,27.87,0.0010,2.32,0.0000
1900,soil-sensor-node,2,400,512,78.13,10.09,0.0010,1.58,0.0000
1900,signal-monitor,2,600,1024,58.59,16.16,0.0010,0.96,0.0000
1900,irrigation-controller,2,300,2048,14.65,8.63,0.0010,1.07,0.0000
1900,cloud,4,2000,40000,5.00,23.47,0.0010,100.39,0.0000
1900,fog-0,4,3500,4000,87.50,52.89,0.0010,2.36,0.0000
1900,cam-1,2,800,1000,80.00,33.41,0.0010,2.14,0.0000
1900,cam-2,2,800,1000,80.00,28.87,0.0010,1.79,0.0000
1900,soil-sensor-node,2,400,512,78.13,6.68,0.0010,0.53,0.0000
1900,signal-monitor,2,600,1024,58.59,14.50,0.0010,1.38,0.0000
1900,irrigation-controller,2,300,2048,14.65,17.41,0.0010,0.91,0.0000
1900,cloud,4,2000,40000,5.00,22.97,0.0010,100.31,0.0000
1900,fog-0,4,3500,4000,87.50,51.39,0.0010,1.79,0.0000
1900,cam-1,2,800,1000,80.00,24.51,0.0010,2.58,0.0000
1900,cam-2,2,800,1000,80.00,31.23,0.0010,2.63,0.0000
1900,soil-sensor-node,2,400,512,78.13,8.20,0.0010,2.01,0.0000
1900,signal-monitor,2,600,1024,58.59,59.90,0.0010,1.52,0.0000
1900,irrigation-controller,2,300,2048,14.65,4.27,0.0010,0.44,0.0000
1900,cloud,4,2000,40000,5.00,29.49,0.0010,100.63,0.0000
1900,fog-0,4,3500,4000,87.50,49.38,0.0010,1.72,0.0000
1900,cam-1,2,800,1000,80.00,27.31,0.0010,2.99,0.0000
1900,cam-2,2,800,1000,80.00,26.69,0.0010,1.03,0.0000
1900,soil-sensor-node,2,400,512,78.13,8.35,0.0010,2.60,0.0000
1900,signal-monitor,2,600,1024,58.59,21.25,0.0010,0.41,0.0000
1900,irrigation-controller,2,300,2048,14.65,18.66,0.0010,1.53,0.0000
1900,cloud,4,2000,40000,5.00,19.53,0.0010,99.42,0.0000
1900,fog-0,4,3500,4000,87.50,55.80,0.0010,0.78,0.0000
1900,cam-1,2,800,1000,80.00,26.57,0.0010,1.05,0.0000
1900,cam-2,2,800,1000,80.00,16.04,0.0010,2.47,0.0000
1900,soil-sensor-node,2,400,512,78.13,2.83,0.0010,1.37,0.0000
1900,signal-monitor,2,600,1024,58.59,12.47,0.0010,0.77,0.0000
1900,irrigation-controller,2,300,2048,14.65,19.17,0.0010,1.13,0.0000
1900,cloud,4,2000,40000,5.00,29.89,0.0010,100.05,0.0000
1900,fog-0,4,3500,4000,87.50,46.74,0.0010,3.04,0.0000
1900,cam-1,2,800,1000,80.00,20.71,0.0010,0.63,0.0000
1900,cam-2,2,800,1000,80.00,25.39,0.0010,1.42,0.0000
1900,soil-sensor-node,2,400,512,78.13,19.15,0.0010,1.16,0.0000
1900,signal-monitor,2,600,1024,58.59,14.97,0.0010,0.88,0.0000
1900,irrigation-controller,2,300,2048,14.65,6.36,0.0010,1.26,0.0000
1900,cloud,4,2000,40000,5.00,27.10,0.0010,99.31,0.0000
1900,fog-0,4,3500,4000,87.50,57.50,0.0010,2.12,0.0000
1900,cam-1,2,800,1000,80.00,26.96,0.0010,2.31,0.0000
1900,cam-2,2,800,1000,80.00,35.48,0.0010,0.86,0.0000
1900,soil-sensor-node,2,400,512,78.13,14.98,0.0010,1.35,0.0000
1900,signal-monitor,2,600,1024,58.59,14.21,0.0010,0.60,0.0000
1900,irrigation-controller,2,300,2048,14.65,11.08,0.0010,1.39,0.0000
1900,cloud,4,2000,40000,5.00,24.69,0.0010,99.44,0.0000
1900,fog-0,4,3500,4000,87.50,50.66,0.0010,2.79,0.0000
1900,cam-1,2,800,1000,80.00,21.92,0.0010,3.02,0.0000
1900,cam-2,2,800,1000,80.00,25.21,0.0010,1.86,0.0000
1900,soil-sensor-node,2,400,512,78.13,15.41,0.0010,2.32,0.0000
1900,signal-monitor,2,600,1024,58.59,20.40,0.0010,0.56,0.0000
1900,irrigation-controller,2,300,2048,14.65,17.17,0.0010,1.41,0.0000
1900,cloud,4,2000,40000,5.00,21.53,0.0010,100.48,0.0000
1900,fog-0,4,3500,4000,87.50,48.67,0.0010,2.00,0.0000
1900,cam-1,2,800,1000,80.00,30.82,0.0010,1.87,0.0000
1900,cam-2,2,800,1000,80.00,29.06,0.0010,1.97,0.0000
1900,soil-sensor-node,2,400,512,78.13,11.16,0.0010,0.33,0.0000
1900,signal-monitor,2,600,1024,58.59,22.72,0.0010,1.47,0.0000
1900,irrigation-controller,2,300,2048,14.65,13.42,0.0010,0.83,0.0000
1900,cloud,4,2000,40000,5.00,25.42,0.0010,99.78,0.0000
1900,fog-0,4,3500,4000,87.50,53.96,0.0010,1.00,0.0000
1900,cam-1,2,800,1000,80.00,35.13,0.0010,2.03,0.0000
1900,cam-2,2,800,1000,80.00,30.09,0.0010,1.77,0.0000
1900,soil-sensor-node,2,400,512,78.13,9.88,0.0010,0.30,0.0000
1900,signal-monitor,2,600,1024,58.59,22.20,0.0010,0.75,0.0000
1900,irrigation-controller,2,300,2048,14.65,5.61,0.0010,0.94,0.0000
1900,cloud,4,2000,40000,5.00,26.61,0.0010,100.04,0.0000
1900,fog-0,4,3500,4000,87.50,5.59,0.0010,1.33,0.0000
1900,cam-1,2,800,1000,80.00,20.45,0.0010,2.31,0.0000
1900,cam-2,2,800,1000,80.00,27.59,0.0010,2.77,0.0000
1900,soil-sensor-node,2,400,512,78.13,4.24,0.0010,0.44,0.0000
1900,signal-monitor,2,600,1024,58.59,13.52,0.0010,1.42,0.0000
1900,irrigation-controller,2,300,2048,14.65,12.05,0.0010,0.10,0.0000
1910,cloud,4,2000,40000,5.00,24.34,0.0010,100.45,0.0000
1910,fog-0,4,3500,4000,87.50,57.12,0.0010,0.31,0.0000
1910,cam-1,2,800,1000,80.00,20.89,0.0010,1.73,0.0000
1910,cam-2,2,800,1000,80.00,22.65,0.0010,1.56,0.0000
1910,soil-sensor-node,2,400,512,78.13,9.76,0.0010,1.14,0.0000
1910,signal-monitor,2,600,1024,58.59,7.56,0.0010,0.12,0.0000
1910,irrigation-controller,2,300,2048,14.65,16.64,0.0010,0.10,0.0000
2000,cloud,4,2000,40000,5.00,24.48,0.0010,99.21,0.0000
2000,fog-0,4,3500,4000,87.50,58.28,0.0010,2.01,0.0000
2000,cam-1,2,800,1000,80.00,23.11,0.0010,1.76,0.0000
2000,cam-2,2,800,1000,80.00,30.35,0.0010,2.04,0.0000
2000,soil-sensor-node,2,400,512,78.13,6.01,0.0010,1.85,0.0000
2000,signal-monitor,2,600,1024,58.59,18.42,0.0010,2.09,0.0000
2000,irrigation-controller,2,300,2048,14.65,14.59,0.0010,1.09,0.0000
2000,cloud,4,2000,40000,5.00,23.20,0.0010,100.93,0.0000
2000,fog-0,4,3500,4000,87.50,51.31,0.0010,1.06,0.0000
2000,cam-1,2,800,1000,80.00,15.39,0.0010,2.12,0.0000
2000,cam-2,2,800,1000,80.00,26.06,0.0010,1.96,0.0000
2000,soil-sensor-node,2,400,512,78.13,8.30,0.0010,1.83,0.0000
2000,signal-monitor,2,600,1024,58.59,19.56,0.0010,2.06,0.0000
2000,irrigation-controller,2,300,2048,14.65,15.54,0.0010,1.99,0.0000
2000,cloud,4,2000,40000,5.00,30.18,0.0010,100.42,0.0000
2000,fog-0,4,3500,4000,87.50,50.31,0.0010,1.55,0.0000
2000,cam-1,2,800,1000,80.00,28.66,0.0010,2.27,0.0000
2000,cam-2,2,800,1000,80.00,32.81,0.0010,2.32,0.0000
2000,soil-sensor-node,2,400,512,78.13,5.16,0.0010,1.19,0.0000
2000,signal-monitor,2,600,1024,58.59,12.15,0.0010,1.05,0.0000
2000,irrigation-controller,2,300,2048,14.65,3.29,0.0010,1.93,0.0000
2000,cloud,4,2000,40000,5.00,16.85,0.0010,100.91,0.0000
2000,fog-0,4,3500,4000,87.50,55.25,0.0010,2.04,0.0000
2000,cam-1,2,800,1000,80.00,23.12,0.0010,1.80,0.0000
2000,cam-2,2,800,1000,80.00,20.80,0.0010,2.67,0.0000
2000,soil-sensor-node,2,400,512,78.13,11.40,0.0010,1.57,0.0000
2000,signal-monitor,2,600,1024,58.59,29.19,0.0010,0.78,0.0000
2000,irrigation-controller,2,300,2048,14.65,9.60,0.0010,1.28,0.0000
2000,cloud,4,2000,40000,5.00,16.81,0.0010,100.07,0.0000
2000,fog-0,4,3500,4000,87.50,48.74,0.0010,2.32,0.0000
2000,cam-1,2,800,1000,80.00,25.07,0.0010,1.92,0.0000
2000,cam-2,2,800,1000,80.00,28.60,0.0010,1.76,0.0000
2000,soil-sensor-node,2,400,512,78.13,9.71,0.0010,1.65,0.0000
2000,signal-monitor,2,600,1024,58.59,22.24,0.0010,0.85,0.0000
2000,irrigation-controller,2,300,2048,14.65,18.82,0.0010,1.05,0.0000
2000,cloud,4,2000,40000,5.00,22.65,0.0010,100.00,0.0000
2000,fog-0,4,3500,4000,87.50,45.78,0.0010,1.69,0.0000
2000,cam-1,2,800,1000,80.00,30.30,0.0010,2.62,0.0000
2000,cam-2,2,800,1000,80.00,23.26,0.0010,1.84,0.0000
2000,soil-sensor-node,2,400,512,78.13,15.15,0.0010,1.29,0.0000
2000,signal-monitor,2,600,1024,58.59,25.94,0.0010,0.10,0.0000
2000,irrigation-controller,2,300,2048,14.65,11.42,0.0010,1.13,0.0000
2000,cloud,4,2000,40000,5.00,29.18,0.0010,100.16,0.0000
2000,fog-0,4,3500,4000,87.50,56.67,0.0010,2.48,0.0000
2000,cam-1,2,800,1000,80.00,30.68,0.0010,3.11,0.0000
2000,cam-2,2,800,1000,80.00,29.68,0.0010,2.15,0.0000
2000,soil-sensor-node,2,400,512,78.13,14.63,0.0010,0.82,0.0000
2000,signal-monitor,2,600,1024,58.59,17.30,0.0010,0.31,0.0000
2000,irrigation-controller,2,300,2048,14.65,9.26,0.0010,1.21,0.0000
2000,cloud,4,2000,40000,5.00,26.77,0.0010,100.15,0.0000
2000,fog-0,4,3500,4000,87.50,62.24,0.0010,2.31,0.0000
2000,cam-1,2,800,1000,80.00,28.06,0.0010,1.82,0.0000
2000,cam-2,2,800,1000,80.00,25.22,0.0010,2.58,0.0000
2000,soil-sensor-node,2,400,512,78.13,13.09,0.0010,1.51,0.0000
2000,signal-monitor,2,600,1024,58.59,4.71,0.0010,1.57,0.0000
2000,irrigation-controller,2,300,2048,14.65,4.20,0.0010,0.32,0.0000
2000,cloud,4,2000,40000,5.00,18.79,0.0010,100.10,0.0000
2000,fog-0,4,3500,4000,87.50,57.99,0.0010,2.29,0.0000
2000,cam-1,2,800,1000,80.00,24.94,0.0010,1.77,0.0000
2000,cam-2,2,800,1000,80.00,33.01,0.0010,1.45,0.0000
2000,soil-sensor-node,2,400,512,78.13,3.98,0.0010,0.64,0.0000
2000,signal-monitor,2,600,1024,58.59,23.16,0.0010,0.93,0.0000
2000,irrigation-controller,2,300,2048,14.65,10.80,0.0010,1.08,0.0000
2000,cloud,4,2000,40000,5.00,17.38,0.0010,100.12,0.0000
2000,fog-0,4,3500,4000,87.50,53.23,0.0010,2.04,0.0000
2000,cam-1,2,800,1000,80.00,28.15,0.0010,2.29,0.0000
2000,cam-2,2,800,1000,80.00,31.74,0.0010,2.16,0.0000
2000,soil-sensor-node,2,400,512,78.13,17.11,0.0010,1.72,0.0000
2000,signal-monitor,2,600,1024,58.59,24.08,0.0010,1.20,0.0000
2000,irrigation-controller,2,300,2048,14.65,9.48,0.0010,1.26,0.0000
2000,cloud,4,2000,40000,5.00,19.88,0.0010,100.91,0.0000
2000,fog-0,4,3500,4000,87.50,51.88,0.0010,1.42,0.0000
2000,cam-1,2,800,1000,80.00,31.28,0.0010,1.61,0.0000
2000,cam-2,2,800,1000,80.00,28.44,0.0010,0.88,0.0000
2000,soil-sensor-node,2,400,512,78.13,8.38,0.0010,1.82,0.0000
2000,signal-monitor,2,600,1024,58.59,19.13,0.0010,0.67,0.0000
2000,irrigation-controller,2,300,2048,14.65,3.84,0.0010,1.17,0.0000
2000,cloud,4,2000,40000,5.00,28.55,0.0010,100.05,0.0000
2000,fog-0,4,3500,4000,87.50,65.46,0.0010,1.72,0.0000
2000,cam-1,2,800,1000,80.00,22.30,0.0010,1.73,0.0000
2000,cam-2,2,800,1000,80.00,29.79,0.0010,2.15,0.0000
2000,soil-sensor-node,2,400,512,78.13,15.39,0.0010,0.98,0.0000
2000,signal-monitor,2,600,1024,58.59,13.29,0.0010,2.05,0.0000
2000,irrigation-controller,2,300,2048,14.65,18.12,0.0010,0.63,0.0000
2000,cloud,4,2000,40000,5.00,19.61,0.0010,100.21,0.0000
2000,fog-0,4,3500,4000,87.50,58.55,0.0010,1.82,0.0000
2000,cam-1,2,800,1000,80.00,30.87,0.0010,0.77,0.0000
2000,cam-2,2,800,1000,80.00,33.28,0.0010,1.99,0.0000
2000,soil-sensor-node,2,400,512,78.13,3.44,0.0010,1.03,0.0000
2000,signal-monitor,2,600,1024,58.59,22.66,0.0010,1.26,0.0000
2000,irrigation-controller,2,300,2048,14.65,0.76,0.0010,1.40,0.0000
2000,cloud,4,2000,40000,5.00,25.47,0.0010,99.83,0.0000
2000,fog-0,4,3500,4000,87.50,52.00,0.0010,1.72,0.0000
2000,cam-1,2,800,1000,80.00,21.68,0.0010,2.11,0.0000
2000,cam-2,2,800,1000,80.00,31.10,0.0010,2.18,0.0000
2000,soil-sensor-node,2,400,512,78.13,10.71,0.0010,1.48,0.0000
2000,signal-monitor,2,600,1024,58.59,18.80,0.0010,0.71,0.0000
2000,irrigation-controller,2,300,2048,14.65,14.79,0.0010,0.30,0.0000
2000,cloud,4,2000,40000,5.00,20.59,0.0010,99.74,0.0000
2000,fog-0,4,3500,4000,87.50,57.48,0.0010,1.96,0.0000
2000,cam-1,2,800,1000,80.00,27.05,0.0010,1.96,0.0000
2000,cam-2,2,800,1000,80.00,33.75,0.0010,2.52,0.0000
2000,soil-sensor-node,2,400,512,78.13,6.24,0.0010,2.23,0.0000
2000,signal-monitor,2,600,1024,58.59,16.62,0.0010,2.56,0.0000
2000,irrigation-controller,2,300,2048,14.65,12.78,0.0010,1.56,0.0000
2000,cloud,4,2000,40000,5.00,27.55,0.0010,100.40,0.0000
2000,fog-0,4,3500,4000,87.50,64.12,0.0010,1.82,0.0000
2000,cam-1,2,800,1000,80.00,24.17,0.0010,2.10,0.0000
2000,cam-2,2,800,1000,80.00,31.66,0.0010,1.04,0.0000
2000,soil-sensor-node,2,400,512,78.13,13.78,0.0010,1.99,0.0000
2000,signal-monitor,2,600,1024,58.59,18.03,0.0010,0.58,0.0000
2000,irrigation-controller,2,300,2048,14.65,11.00,0.0010,0.79,0.0000
2000,cloud,4,2000,40000,5.00,27.76,0.0010,100.05,0.0000
2000,fog-0,4,3500,4000,87.50,55.05,0.0010,2.08,0.0000
2000,cam-1,2,800,1000,80.00,24.84,0.0010,1.73,0.0000
2000,cam-2,2,800,1000,80.00,20.11,0.0010,2.34,0.0000
2000,soil-sensor-node,2,400,512,78.13,1.70,0.0010,2.11,0.0000
2000,signal-monitor,2,600,1024,58.59,9.87,0.0010,0.58,0.0000
2000,irrigation-controller,2,300,2048,14.65,2.25,0.0010,1.02,0.0000
2000,cloud,4,2000,40000,5.00,26.13,0.0010,100.24,0.0000
2000,fog-0,4,3500,4000,87.50,61.91,0.0010,2.53,0.0000
2000,cam-1,2,800,1000,80.00,31.20,0.0010,1.47,0.0000
2000,cam-2,2,800,1000,80.00,23.07,0.0010,0.84,0.0000
2000,soil-sensor-node,2,400,512,78.13,3.18,0.0010,1.56,0.0000
2000,signal-monitor,2,600,1024,58.59,13.84,0.0010,1.28,0.0000
2000,irrigation-controller,2,300,2048,14.65,4.97,0.0010,0.34,0.0000
2000,cloud,4,2000,40000,5.00,26.62,0.0010,99.58,0.0000
2000,fog-0,4,3500,4000,87.50,57.87,0.0010,1.66,0.0000
2000,cam-1,2,800,1000,80.00,20.76,0.0010,2.26,0.0000
2000,cam-2,2,800,1000,80.00,27.19,0.0010,2.33,0.0000
2000,soil-sensor-node,2,400,512,78.13,0.00,0.0010,1.93,0.0000
2000,signal-monitor,2,600,1024,58.59,20.80,0.0010,1.02,0.0000
2000,irrigation-controller,2,300,2048,14.65,0.00,0.0010,1.25,0.0000
2000,cloud,4,2000,40000,5.00,25.52,0.0010,100.27,0.0000
2000,fog-0,4,3500,4000,87.50,58.36,0.0010,1.23,0.0000
2000,cam-1,2,800,1000,80.00,30.28,0.0010,2.04,0.0000
2000,cam-2,2,800,1000,80.00,15.85,0.0010,2.15,0.0000
2000,soil-sensor-node,2,400,512,78.13,7.01,0.0010,1.66,0.0000
2000,signal-monitor,2,600,1024,58.59,17.73,0.0010,0.88,0.0000
2000,irrigation-controller,2,300,2048,14.65,7.37,0.0010,1.61,0.0000
